class,file,axis,Fs_Hz,Nyquist_Hz,FFT_DominantFrequency_Hz,FFT_DominantAmplitude_m_s2,PSD_SpectralCentroid_Hz,PSD_SpectralBandwidth_Hz,PSD_SpectralRMS_m_s2,PSD_TotalSpectralPower,PSD_F95_Hz,CWT_DominantFrequency_Hz,CWT_DominantAmplitude,CWT_GlobalWaveletPower,CWT_MeanWaveletPower
servo_only,servo_only_trial01.csv,ax,402.0999999999971,201.04999999999856,10.597364495275906,0.8327025980389136,10.197644485773978,6.0602678174492794,1.4878340830392724,2.213650258653313,17.277734374999877,10.562539110406561,10.375332529366828,781.8674172182762,18.582192032216728
servo_only,servo_only_trial01.csv,ay,402.0999999999971,201.04999999999856,10.597364495275906,0.575569414248994,14.174155096698485,17.451183019959693,1.4578516629994354,2.125331471310219,30.628710937499783,10.562539110406561,7.153254620668205,504.4717775735643,10.060245807437582
servo_only,servo_only_trial01.csv,az,402.0999999999971,201.04999999999856,10.597364495275906,0.06995330939492246,13.297179898804574,15.302224100084368,0.1353730596236056,0.018325865271856277,29.45068359374979,10.562539110406561,0.8845572012277098,6.4374135960158245,0.13338029532322374
servo_only,servo_only_trial01.csv,aabs,402.0999999999971,201.04999999999856,1.7995524614619465,0.8156939376807243,7.132567871404881,14.426232486597717,1.830924915030381,3.3522860444790084,20.419140624999855,1.0,11.784531100935393,724.1829591821065,33.5973643714914
servo_only,servo_only_trial02.csv,ax,402.0999999999971,201.04999999999856,10.14230162900676,0.730060984513271,9.60908952765606,6.454143346186982,2.2450789989337308,5.040379711453282,17.670410156249872,9.724037707212469,10.220460105038406,784.2757522508994,19.932943871099372
servo_only,servo_only_trial02.csv,ay,402.0999999999971,201.04999999999856,10.14230162900676,0.5295791114174212,15.457673474562531,19.603169487194425,1.6963603719521405,2.8776385115296046,41.2309570312497,10.134620298437424,7.182045606797549,508.97106135404556,9.968270072616466
servo_only,servo_only_trial02.csv,az,402.0999999999971,201.04999999999856,10.14230162900676,0.07333428676222614,15.391844372024229,17.68363514886713,0.20828152587453996,0.04338119402062666,36.12617187499974,10.134620298437424,0.8253315341537727,6.716491414296146,0.12724206961603055
servo_only,servo_only_trial02.csv,aabs,402.0999999999971,201.04999999999856,0.21129795060430748,0.8235973734193957,9.400124280689775,14.564212310882699,2.181397121137861,4.758493400108548,24.73857421874982,1.4509339109120212,11.977550445173147,685.6120036547833,31.134642502153344
servo_only,servo_only_trial03.csv,ax,402.09999999998814,201.04999999999407,9.2166741573031,0.9690062336731419,10.475190815033402,8.550591883976503,2.0339044194619493,4.136767187506849,18.455761718749457,8.95210028033207,9.168455211638106,805.2617989542885,20.388442775450848
servo_only,servo_only_trial03.csv,ay,402.09999999998814,201.04999999999407,9.2166741573031,0.5428348770046277,21.32440737850974,26.514151516993294,1.5894442565736304,2.5263330447549004,70.68164062499791,11.473344285380135,6.730697045335432,519.9645133338435,7.666665827670343
servo_only,servo_only_trial03.csv,az,402.09999999998814,201.04999999999407,9.2166741573031,0.06834666223622222,12.433311513950768,14.696735486256546,0.196793982486528,0.03872787154290789,26.309277343749223,11.008526138474947,0.7671920464856917,6.653759212880723,0.1627991169088151
servo_only,servo_only_trial03.csv,aabs,402.09999999998814,201.04999999999407,1.987910112359492,0.7821120299464001,11.579187729667716,21.04273454770196,2.0174749014862585,4.070204978126989,36.911523437498914,1.335752314183731,14.633694668844388,771.0906713103134,38.42469779358965
servo_only,servo_only_trial04.csv,ax,402.0999999999971,201.04999999999856,9.826490713587418,0.6066156918062942,22.690171084116006,28.351556880372243,1.4802734529354757,2.191209495465516,78.14248046874944,12.988905870618936,7.359303617832094,802.2404014956498,11.090547639450934
servo_only,servo_only_trial04.csv,ay,402.0999999999971,201.04999999999856,9.826490713587418,0.5723136852388121,18.66252114582005,23.52555463098062,0.9747566124166834,0.9501504534500484,55.7599609374996,9.724037707212469,6.07345832511672,506.0562050454005,8.603160297951002
servo_only,servo_only_trial04.csv,az,402.0999999999971,201.04999999999856,13.560557184750637,0.0506589603611196,23.208209013475795,28.871819071743538,0.1328470999285459,0.017648351959425063,82.4619140624994,8.241442684830592,0.6662526308993314,6.3753739079705785,0.09893464154559775
servo_only,servo_only_trial04.csv,aabs,402.0999999999971,201.04999999999856,0.19652981427174837,1.0998623896411543,18.814720565987788,30.608027699808392,1.5925409060306197,2.5361865373808268,78.14248046874944,1.0422234676157642,12.459704427024528,775.8479566411476,32.03271028064413
servo_only,servo_only_trial05.csv,ax,402.0999999999971,201.04999999999856,12.12258559018898,0.5902171776981822,21.740834480846786,27.227899843576505,2.034499791638179,4.139189402175794,73.82304687499948,10.134620298437424,7.489622538713616,805.8711547757665,12.182059257568087
servo_only,servo_only_trial05.csv,ay,402.0999999999971,201.04999999999856,12.12258559018898,0.6522400812534137,12.81429388796689,15.040482209086738,1.4029015981218265,1.9681328940127745,27.487304687499805,10.134620298437424,6.860874432815138,508.70692570525244,13.054307548693043
servo_only,servo_only_trial05.csv,az,402.0999999999971,201.04999999999856,10.684312723556388,0.0636201006615534,20.705121548526034,26.25890745833015,0.19363790920839877,0.03749563988260009,67.54023437499951,10.134620298437424,0.7233870732458543,6.550959343618825,0.10797996163691316
servo_only,servo_only_trial05.csv,aabs,402.0999999999971,201.04999999999856,2.054675523760844,0.73440202494784,16.875152344170953,30.178194037417274,1.9355845352635859,3.7464874931515513,74.60839843749946,1.512197371912029,13.642552964350422,820.7060833872529,40.52773077912576
servo_only,servo_only_trial06.csv,ax,402.0999999999971,201.04999999999856,10.156134020618484,0.7199307732917128,10.140808580595975,6.355110213296878,2.7813583853713606,7.735954467875581,16.492382812499883,10.134620298437424,9.875490692988949,754.1984289325183,20.226670268404337
servo_only,servo_only_trial06.csv,ay,402.0999999999971,201.04999999999856,12.228814432989603,0.5965720964708006,15.943741322486645,19.050524938235597,2.174166068130189,4.726998091808686,34.162792968749756,11.008526138475059,7.979180514412056,509.2634722397165,9.218456306245466
servo_only,servo_only_trial06.csv,az,402.0999999999971,201.04999999999856,10.363402061855597,0.06835632434824707,9.937272618586448,5.835843367694941,0.2516363142474944,0.06332083464806373,16.492382812499883,10.562539110406561,0.9329451698332049,6.739985386691781,0.1842893434275698
servo_only,servo_only_trial06.csv,aabs,402.0999999999971,201.04999999999856,0.6218041237113358,1.046231478992448,7.730842173477349,14.454695400116991,2.752762953195748,7.577703876486974,23.167871093749834,1.3357523141837326,15.605156648772326,597.3526866864892,33.22858877476275
servo_only,servo_only_trial07.csv,ax,402.0999999999971,201.04999999999856,11.070599803343088,0.8271591948973787,10.094585111290279,9.516557137682389,2.510795963807367,6.304096371871365,18.848437499999864,9.330088996611831,9.877906340382308,784.2782581647517,20.46983201380346
servo_only,servo_only_trial07.csv,ay,402.0999999999971,201.04999999999856,11.070599803343088,0.6597606062340454,11.090036652716165,12.170988457881052,1.9637485229299052,3.8563082613093846,19.633789062499858,10.134620298437424,7.490631307263373,503.0553354470656,12.12175689756221
servo_only,servo_only_trial07.csv,az,402.0999999999971,201.04999999999856,11.070599803343088,0.08290669536825575,15.77505141635638,21.4805100444298,0.1939077765538981,0.037600225808076475,45.55039062499967,11.008526138475059,0.7770595009749524,6.49767653163255,0.1306372673033576
servo_only,servo_only_trial07.csv,aabs,402.0999999999971,201.04999999999856,0.5930678466076654,0.8487226046516805,8.510744763839133,12.810986293400754,2.9094644009273467,8.464983100263526,21.597167968749847,1.512197371912029,14.664790866197094,896.6787248572764,43.05792435799153
servo_only,servo_only_trial08.csv,ax,402.0999999999971,201.04999999999856,12.812009803921477,0.6553846630763224,18.67182951558102,23.072524852770083,2.1509363569872657,4.62652721180965,50.65517578124964,11.473344285380252,7.871090193104465,761.2351851656501,12.351140992320957
servo_only,servo_only_trial08.csv,ay,402.0999999999971,201.04999999999856,12.812009803921477,0.4856858479156233,10.971895142640038,7.97538569445,1.7825327284959074,3.1774229281590642,18.06308593749987,11.008526138475059,6.277034208054544,478.00385261977414,12.672892642353307
servo_only,servo_only_trial08.csv,az,402.0999999999971,201.04999999999856,12.812009803921477,0.05305631822491191,10.886210530724833,6.568469499737751,0.16349664302955258,0.026731152281932943,18.45576171874987,11.957788666258516,0.744644632446021,5.809358392640883,0.14565782517649262
servo_only,servo_only_trial08.csv,aabs,402.0999999999971,201.04999999999856,0.394215686274507,1.0476192612008892,9.52218288193036,21.671635038906643,2.322682178202428,5.394852500939176,36.51884765624974,2.019921139034051,14.392429067769339,727.7208701920304,37.92419755978134
servo_only,servo_only_trial09.csv,ax,402.0999999999971,201.04999999999856,0.20942708333333185,1.0995217174972498,15.882979669060518,22.357150853156188,2.2817266660517665,5.20627657857171,47.121093749999666,9.724037707212469,8.86296984982671,819.5562454674446,16.45289706308227
servo_only,servo_only_trial09.csv,ay,402.0999999999971,201.04999999999856,0.20942708333333185,0.8310077534022612,12.921451049332466,18.17604773026463,1.6907906757830866,2.858773109315027,32.19941406249977,9.724037707212469,7.231897414451452,521.101529018107,11.735140670067473
servo_only,servo_only_trial09.csv,az,402.0999999999971,201.04999999999856,9.214791666666601,0.08869613616969522,10.314783745913578,6.895505662920561,0.16782952997499265,0.028166751131626956,19.241113281249863,9.724037707212469,0.8540297713025349,6.544096857751002,0.16090375952139954
servo_only,servo_only_trial09.csv,aabs,402.0999999999971,201.04999999999856,0.4188541666666637,0.9900100369418979,15.654486344560326,24.667308348568973,2.2891407783947213,5.2401655033095915,54.18925781249961,1.8595708017034402,12.878964621914664,989.0742378439023,38.48582204119343
servo_only,servo_only_trial10.csv,ax,402.0999999999971,201.04999999999856,10.824227318045786,0.681618963431961,18.477787367767792,23.609200841238835,1.7118172345407292,2.93031824447067,55.7599609374996,11.008526138475059,8.223683783642427,766.2923523614032,12.688749732649482
servo_only,servo_only_trial10.csv,ay,402.0999999999971,201.04999999999856,10.824227318045786,0.5326586694455071,21.31263087189278,26.13638592445315,1.6027435906741025,2.5687870174469154,69.11093749999951,10.562539110406561,6.844757329483095,515.6103350371029,7.445956546072679
servo_only,servo_only_trial10.csv,az,402.0999999999971,201.04999999999856,13.43005982053829,0.06196363374841111,17.293358255446464,21.527508369619877,0.19428256926653675,0.03774571672080665,47.121093749999666,11.008526138475059,0.7673446142171791,6.589335987695477,0.1148854968242682
servo_only,servo_only_trial10.csv,aabs,402.0999999999971,201.04999999999856,0.6013459621136548,1.0481347135471666,16.83532103292717,28.390372080269447,2.078744913366259,4.321180414846096,69.11093749999951,1.8595708017034402,13.434098764938637,856.5708996811896,34.2983875867646
servo_only,servo_only_trial11.csv,ax,402.0999999999971,201.04999999999856,10.736701570680552,0.6920053391593688,11.146565534139228,12.247134087168249,1.1170893592967255,1.2478886366539685,21.989843749999842,10.562539110406561,8.722174414675743,773.4718520035875,18.620824201806183
servo_only,servo_only_trial11.csv,ay,402.0999999999971,201.04999999999856,10.947225130889974,0.4829759286716644,17.33504574098264,21.439624692052163,0.8677303599540621,0.7529559775860062,46.72841796874967,11.473344285380252,6.758725194902429,508.2806343372093,9.625316420668085
servo_only,servo_only_trial11.csv,az,402.0999999999971,201.04999999999856,10.947225130889974,0.05597001789199056,18.93153312850867,23.47040854945181,0.1306569045694988,0.017071226711683114,55.3672851562496,11.473344285380252,0.7595512481066823,6.623465983069083,0.11302390399871737
servo_only,servo_only_trial11.csv,aabs,402.0999999999971,201.04999999999856,0.2105235602094226,1.1000762268521145,10.56172136772664,18.287185052399394,1.3076645920669292,1.7099866853455683,29.45068359374979,1.8595708017034402,13.453594366239953,874.1659802758792,38.56671004770767
servo_only,servo_only_trial12.csv,ax,402.0999999999971,201.04999999999856,13.46746411483244,0.6416649322103284,20.734731850948943,25.728622982547027,2.31678515273663,5.367493443940889,67.54023437499951,11.008526138475059,8.249212779629392,803.5768093950217,12.615394453480086
servo_only,servo_only_trial12.csv,ay,402.0999999999971,201.04999999999856,13.253694843168434,0.47427964250210575,17.734867359279427,23.26817143929664,1.7878792288705347,3.1965121370266982,55.3672851562496,10.562539110406561,6.727606741216582,511.7203673814643,9.555837200014373
servo_only,servo_only_trial12.csv,az,402.0999999999971,201.04999999999856,10.260925039872337,0.05530020021913892,9.81833320200451,8.709249262825328,0.2160407604825439,0.046673610189875904,20.026464843749856,9.724037707212469,0.7877922848326171,6.440710406702433,0.17026613882030037
servo_only,servo_only_trial12.csv,aabs,402.0999999999971,201.04999999999856,3.420308346624112,0.8332866960701559,16.366095010233845,29.48658988867297,2.3784259206345513,5.656909859946312,73.82304687499948,1.642593782994863,12.474041510294025,804.5967405771462,34.70987335030304
servo_only,servo_only_trial13.csv,ax,402.0999999999971,201.04999999999856,10.101911523757437,0.8942950945819305,10.954143182801419,8.998503725777729,2.373997085705513,5.635862162938269,18.45576171874987,10.134620298437424,9.420098204701503,800.0909205838519,20.93005585766248
servo_only,servo_only_trial13.csv,ay,402.0999999999971,201.04999999999856,10.101911523757437,0.7007692396123735,11.593253055656097,11.50273620127387,1.6863250609741263,2.8436922112693903,20.419140624999855,9.724037707212469,7.710861205193411,510.38241680331197,12.39682792474361
servo_only,servo_only_trial13.csv,az,402.0999999999971,201.04999999999856,9.223484434735052,0.06943024217245226,21.223534408404802,26.226125413433927,0.1687059560157477,0.028461699595187396,69.8962890624995,10.134620298437424,0.8693207549112982,6.656772336490382,0.1031903602439692
servo_only,servo_only_trial13.csv,aabs,402.0999999999971,201.04999999999856,0.6588203167667894,0.7898711219336656,8.449607473121224,11.559773218859705,2.258691661746622,5.1016880228437165,22.775195312499836,1.1320941433937326,12.592271059457534,736.8268329546024,35.0273502702797
servo_only,servo_only_trial14.csv,ax,402.09999999998814,201.04999999999407,10.108659217876797,0.9721761796230038,10.161070127624553,6.379231491512613,1.7976385025653165,3.2315041859052736,19.241113281249433,9.724037707212375,9.405636323344694,811.208118737583,19.788219913640102
servo_only,servo_only_trial14.csv,ay,402.09999999998814,201.04999999999407,10.108659217876797,0.7146114314335258,20.55668506736413,26.145765283686337,1.6330884034071125,2.6669777333427915,68.71826171874797,10.134620298437325,6.856119262784452,519.068641444914,8.090775706311598
servo_only,servo_only_trial14.csv,az,402.09999999998814,201.04999999999407,12.916620111731461,0.06979028545769957,21.57903255519259,26.93292853549104,0.1839729444044895,0.03384604427285738,73.03769531249785,11.957788666258388,0.7743690189602557,6.509925945840396,0.09615832998955554
servo_only,servo_only_trial14.csv,aabs,402.09999999998814,201.04999999999407,2.8079608938546654,0.742310172688913,13.386913181841866,24.331031104804165,1.678037112619886,2.815808551329684,50.65517578124851,2.105209213834446,10.588498614176945,693.6221507995224,31.740095250454235
servo_only,servo_only_trial15.csv,ax,402.09999999998814,201.04999999999407,8.615172715347363,0.8083027230567056,13.441126453559217,16.216186220177676,2.144845307412142,4.600361392727887,27.879980468749178,11.008526138474947,8.984957245140977,803.4301634222312,17.559791664021265
servo_only,servo_only_trial15.csv,ay,402.09999999998814,201.04999999999407,12.307389593353376,0.6190983526354432,21.4499068802771,26.730484692105755,1.7570628794010914,3.087269962169254,68.32558593749799,11.957788666258388,7.16643845420638,519.454554900177,7.533397154104105
servo_only,servo_only_trial15.csv,az,402.09999999998814,201.04999999999407,12.307389593353376,0.07034873839532041,17.91822659049468,22.987450246188338,0.18820651652220283,0.0354216928614222,52.618554687498445,11.473344285380135,0.8361422917425567,6.6615189737974045,0.11816215579925227
servo_only,servo_only_trial15.csv,aabs,402.09999999998814,201.04999999999407,3.3405771753387734,0.7811353072588646,13.92794687877642,27.076206646919342,2.146803350736619,4.608764626733976,62.828124999998145,3.1834918404854324,13.29402645840323,747.346059124011,34.47845363328729
piston_only,piston_only_trial01.csv,ax,402.0999999999971,201.04999999999856,0.19220841300191066,0.25114673704095797,13.741805188061168,10.684158694502603,0.3214705567234332,0.1033433188400741,23.560546874999833,18.846043993325242,1.5281687312211876,24.214232931864178,0.45651024421896724
piston_only,piston_only_trial01.csv,ay,402.0999999999971,201.04999999999856,0.19220841300191066,0.357966441590779,14.493401048527382,15.154400202846817,0.3949198457880399,0.15596168459724924,26.701953124999807,1.0,1.801851587703109,26.316833048940865,0.6007298151386231
piston_only,piston_only_trial01.csv,az,402.0999999999971,201.04999999999856,0.19220841300191066,2.8405722459455838,16.121197993293883,13.444903427237323,3.970992659088012,15.76878269853088,26.309277343749812,1.0,16.68083791465404,2472.40699196752,48.87561709913492
piston_only,piston_only_trial01.csv,aabs,402.0999999999971,201.04999999999856,1.3454588910133747,2.093069744035541,13.150390918919339,19.541186826849113,3.2597222061153595,10.625788861041586,40.44560546874971,1.3357523141837326,28.66792167598272,1732.4528510946539,93.41439869594912
piston_only,piston_only_trial02.csv,ax,402.09999999998814,201.04999999999407,18.801898148147593,0.11402542900583919,18.126743829970202,9.624713408441579,0.318293876619442,0.10131099189343254,25.916601562499235,18.082536594995346,1.495138443872749,23.193353418685543,0.29836940955646574
piston_only,piston_only_trial02.csv,ay,402.09999999998814,201.04999999999407,16.754166666666173,0.14877418957665373,16.83698961060031,7.40034932336313,0.30221187525750304,0.09133201754665658,23.953222656249295,16.64706429522666,1.561624535806476,23.423604007510004,0.3300802922989665
piston_only,piston_only_trial02.csv,az,402.09999999998814,201.04999999999407,18.057268518517986,1.206037836069801,16.51217311865817,7.414956033619178,3.359026993087217,11.28306234028855,23.953222656249295,16.64706429522666,15.173831816553905,2283.0731202810953,32.43900735327084
piston_only,piston_only_trial02.csv,aabs,402.09999999998814,201.04999999999407,1.3031018518518134,1.7899832514582372,11.359024870148437,14.49801288926047,3.036756045312621,9.22188727874275,36.911523437498914,1.2297143456559438,29.696986797409107,1701.020774055426,102.20652379457272
piston_only,piston_only_trial03.csv,ax,402.0999999999971,201.04999999999856,0.20588837685611733,0.24398086577783976,16.003589802572968,13.385686297558133,0.39329242135865367,0.15467892869815278,27.094628906249806,18.08253659499557,1.5051689351053223,24.131866080812788,0.41468090498322824
piston_only,piston_only_trial03.csv,ay,402.0999999999971,201.04999999999856,0.20588837685611733,0.4631661646179413,12.162801423767178,17.38521270372143,0.4460202459716143,0.19893405981657933,27.8799804687498,1.0,2.25276332809676,27.369978929026562,0.7061961176399614
piston_only,piston_only_trial03.csv,az,402.0999999999971,201.04999999999856,0.20588837685611733,5.109900891816733,12.099566398699727,17.1516146545796,4.935193926100286,24.356139088217155,27.8799804687498,1.0,25.056687646063242,2791.526090513385,82.02388758973748
piston_only,piston_only_trial03.csv,aabs,402.0999999999971,201.04999999999856,0.20588837685611733,3.8335174736958733,14.019987600102361,23.711064346090556,3.5002271604029818,12.25159017442272,47.906445312499656,1.2816371495063894,28.925627967514313,2014.1045231795704,113.58719948741076
piston_only,piston_only_trial04.csv,ax,402.0999999999971,201.04999999999856,0.22105552501374223,0.2867483002345677,17.29183482436929,19.654674761571744,0.3507801668504903,0.12304672545565781,37.30419921874973,18.08253659499557,1.5319333800622397,24.245543353518375,0.40717950625138033
piston_only,piston_only_trial04.csv,ay,402.0999999999971,201.04999999999856,0.22105552501374223,0.39576682716940986,16.45079491178988,19.19855509995185,0.42836974189343496,0.1835006357698481,34.555468749999754,1.0,1.9407508030576235,25.6804553462354,0.5518263919888197
piston_only,piston_only_trial04.csv,az,402.0999999999971,201.04999999999856,0.22105552501374223,2.4902241770047904,17.02616376248085,14.296015582856485,3.9563628969992797,15.652807372752532,27.487304687499805,18.846043993325242,14.426322003961127,2353.913598932825,39.90423663882103
piston_only,piston_only_trial04.csv,aabs,402.0999999999971,201.04999999999856,1.105277625068711,1.9769144852489526,14.615870734045773,21.464523709096365,3.2508513644068113,10.568034593465628,42.4089843749997,1.1320941433937326,29.00430776846582,1674.3009871762044,93.7878480177827
piston_only,piston_only_trial05.csv,ax,402.0999999999971,201.04999999999856,0.20758905524006047,0.41119183185242913,12.39776474818867,16.648512613849572,0.4112543043032481,0.1691301028079486,27.487304687499805,1.0,2.013595326457576,26.05861243065237,0.6398964044159471
piston_only,piston_only_trial05.csv,ay,402.0999999999971,201.04999999999856,0.20758905524006047,0.5548915452224963,8.981373870176075,15.268955324505898,0.47423420469112726,0.22489808089902596,23.560546874999833,1.0,2.654685390574651,27.9961045013526,0.918870425401952
piston_only,piston_only_trial05.csv,az,402.0999999999971,201.04999999999856,0.20758905524006047,4.594293890562476,13.514856425939142,18.602178342805725,4.643124084991694,21.558601268629953,31.414062499999776,1.0,21.794797390385508,2703.1044814036622,69.79902064269093
piston_only,piston_only_trial05.csv,aabs,402.0999999999971,201.04999999999856,0.20758905524006047,3.125443232722046,13.009868636232405,23.3257022605909,3.8084956600892337,14.504639192918527,45.94306640624967,1.3921524087643515,26.27840675645985,1933.9959754497468,98.39844681836813
piston_only,piston_only_trial06.csv,ax,402.0999999999971,201.04999999999856,19.641547749725436,0.12641516990705826,18.06516583915126,10.186491200163406,0.3094973659277311,0.09578861951620389,26.701953124999807,18.08253659499557,1.4700557127744902,22.935628245024432,0.29787045858175376
piston_only,piston_only_trial06.csv,ay,402.0999999999971,201.04999999999856,0.22069154774972402,0.6098771814112522,8.705417020012385,15.579078442792365,0.4639128714472491,0.21521515229443183,24.345898437499827,1.0,2.7611990371503814,28.756637676323408,0.9504753780562499
piston_only,piston_only_trial06.csv,az,402.0999999999971,201.04999999999856,16.110482985729853,1.6363195598400095,15.974818222676642,9.536605249437846,3.2601964523749283,10.628880908078068,23.167871093749834,16.647064295226855,15.704020916793674,2326.3237002320534,32.25076117811697
piston_only,piston_only_trial06.csv,aabs,402.0999999999971,201.04999999999856,1.1034577387486202,1.325761749357062,10.49528315381943,16.41873073602362,2.907454660597079,8.453292603427675,33.77011718749976,1.1798950837953142,28.21079398749055,1653.8163631695154,101.57369090376788
piston_only,piston_only_trial07.csv,ax,402.09999999998814,201.04999999999407,0.18798503973818986,0.33106587669921833,13.808015179605587,15.957438235122854,0.3718144823465022,0.13824600928259742,27.094628906249202,1.0,1.6971007642084308,26.06434769290573,0.5792710384880984
piston_only,piston_only_trial07.csv,ay,402.09999999998814,201.04999999999407,0.18798503973818986,0.2154220920437486,20.288158218624215,18.35847090211883,0.3856571394752594,0.1487314292282397,37.69687499999889,18.082536594995346,1.4810780786891058,24.53208319268113,0.3741436110289103
piston_only,piston_only_trial07.csv,az,402.09999999998814,201.04999999999407,0.18798503973818986,6.530864832850147,8.517767264109265,15.650394639792866,5.178442650396706,26.816268283447663,23.953222656249295,1.0,35.95120986679558,3318.8296046129035,144.65317399814032
piston_only,piston_only_trial07.csv,aabs,402.09999999998814,201.04999999999407,0.18798503973818986,5.0405029318078505,8.867191724376994,19.787479646261126,3.861420054669646,14.910564838604932,40.44560546874881,1.0,36.03524402217369,2567.636527123598,151.89442254278703
piston_only,piston_only_trial08.csv,ax,402.0999999999971,201.04999999999856,0.22203202650469198,0.6083406424793,11.048497605035914,17.436128677741948,0.49113870219044703,0.24121722478931662,27.8799804687498,1.0,2.718689724417599,29.176624552369333,0.9341478147252833
piston_only,piston_only_trial08.csv,ay,402.0999999999971,201.04999999999856,18.428658199889433,0.15008469728953666,16.5614144933734,6.1853380085752345,0.32292701285417547,0.1042818556309208,23.167871093749834,17.34996107539391,1.5327585157051156,22.99000365675237,0.31192719683964243
piston_only,piston_only_trial08.csv,az,402.0999999999971,201.04999999999856,0.22203202650469198,5.363865467899997,12.446766016032775,18.056381289054524,4.789204231282166,22.936477168931,30.236035156249784,1.0,23.99624705870116,2820.7361020690983,81.18618128382076
piston_only,piston_only_trial08.csv,aabs,402.0999999999971,201.04999999999856,0.44406405300938395,3.3624506234164677,13.157227480320207,25.08442378203235,3.557597256858785,12.65649824200915,56.937988281249595,1.512197371912029,22.83116937401815,2081.8665984136637,104.65551376609017
piston_only,piston_only_trial09.csv,ax,402.09999999998814,201.04999999999407,0.3501088376142692,0.19300666344513492,19.381733617951042,20.39232094840059,0.2991567463307272,0.08949475887518706,42.40898437499875,18.082536594995346,1.5393889144098971,24.424851236313913,0.3329088141198373
piston_only,piston_only_trial09.csv,ay,402.09999999998814,201.04999999999407,0.3501088376142692,0.43962747383333717,13.404360337625203,17.96191771625832,0.44488946232716436,0.19792663368975338,29.84335937499912,1.0,2.319409929721256,27.578948071818303,0.8047152145455857
piston_only,piston_only_trial09.csv,az,402.09999999998814,201.04999999999407,0.3501088376142692,3.6786651261680867,14.227238980257654,19.26539851105836,3.680470311648274,13.545861714924342,33.37744140624901,1.0,19.517033091866594,2639.4400544812092,61.40655950553738
piston_only,piston_only_trial09.csv,aabs,402.09999999998814,201.04999999999407,0.1750544188071346,2.7517129668562235,14.144326467840443,24.80446424195382,2.960165129136111,8.76257759175341,49.869824218748526,1.0,26.830768325118857,1957.31023952155,105.28116912790522
piston_only,piston_only_trial10.csv,ax,402.0999999999994,201.0499999999997,0.2215426997245176,0.1537197069994711,17.45596489034562,11.731463898646405,0.31103673045515273,0.09674384769223135,27.487304687499957,18.082536594995624,1.473484782094529,23.44179309861348,0.32415340193151015
piston_only,piston_only_trial10.csv,ay,402.0999999999994,201.0499999999997,17.50187327823689,0.14484301740969935,17.27029273033096,7.206048138923377,0.3181296526734032,0.10120647591010017,24.738574218749964,18.082536594995624,1.5420147226176173,23.226766688280307,0.3340840179971516
piston_only,piston_only_trial10.csv,az,402.0999999999994,201.0499999999997,0.2215426997245176,6.22863046138071,8.619909787658758,16.251947825757018,4.656877090292839,21.686504234094297,24.738574218749964,1.0,27.672565558147884,2931.913447034873,96.74930570073533
piston_only,piston_only_trial10.csv,aabs,402.0999999999994,201.0499999999997,0.2215426997245176,4.322151582151272,9.114112113714812,20.871773735182384,3.5300282901694056,12.461099729396336,42.40898437499994,1.0,30.341594128638828,2212.280728942074,101.21271050271302
piston_only,piston_only_trial11.csv,ax,402.09999999998814,201.04999999999407,0.18624363131078656,0.16151155551580126,15.883472781759389,12.513196915225192,0.3209694418975192,0.10302138263200494,24.73857421874927,16.64706429522666,1.6120495546541536,23.52489971296106,0.36821653173493984
piston_only,piston_only_trial11.csv,ay,402.09999999998814,201.04999999999407,0.3724872626215731,0.3177346755405952,13.391743776582805,11.59290869460304,0.39696053212828225,0.15757766406756898,23.167871093749316,1.0,1.9612492478730421,24.977850692778176,0.5719872915819305
piston_only,piston_only_trial11.csv,az,402.09999999998814,201.04999999999407,0.3724872626215731,3.1651780905163536,12.732374293491683,12.223466286682628,3.594719703549813,12.922009747089255,23.953222656249295,1.0,19.480257701454057,2470.545572236025,56.67651191903193
piston_only,piston_only_trial11.csv,aabs,402.09999999998814,201.04999999999407,0.18624363131078656,2.4741476217672367,11.512029990404564,17.023169035242688,2.8365941553089695,8.046266401933007,38.482226562498866,1.1320941433937322,29.66253828143477,1819.2350017614367,102.07235696200603
piston_only,piston_only_trial12.csv,ax,402.09999999998814,201.04999999999407,0.3637268204432276,0.3935550681088263,13.844518998601261,18.104693141626967,0.4003289855525232,0.16026329667351236,30.23603515624911,1.0,2.132218137538865,27.069920395691952,0.6649937997728685
piston_only,piston_only_trial12.csv,ay,402.09999999998814,201.04999999999407,0.3637268204432276,0.39074632952892424,16.255284165083484,18.867795619680436,0.4413914603922484,0.19482642130720182,33.37744140624901,1.0,2.1217397719057915,26.882525850576027,0.6535943692415876
piston_only,piston_only_trial12.csv,az,402.09999999998814,201.04999999999407,0.3637268204432276,3.8181972251881775,16.65799094032474,19.244305493207552,4.357979874014933,18.99198858231921,34.94814453124897,1.0,20.720635233448625,2691.102449253854,63.28560102316671
piston_only,piston_only_trial12.csv,aabs,402.09999999998814,201.04999999999407,0.1818634102216138,2.9718971013377233,16.089257312276914,26.86228170433706,3.4415285618403244,11.844118841962732,60.8647460937482,1.0,28.883036396245046,1980.4407928801495,107.38727632516336
piston_only,piston_only_trial13.csv,ax,402.0999999999971,201.04999999999856,0.20135202804206165,0.17271921588603525,15.033335723349573,7.790059567484593,0.3359430499010274,0.11285773277680418,22.775195312499836,18.08253659499557,1.5539578497667434,23.24153480849562,0.36671465581449975
piston_only,piston_only_trial13.csv,ay,402.0999999999971,201.04999999999856,0.20135202804206165,0.2364294898656727,17.976653963643344,17.107138704553435,0.4211382598350741,0.17735743389691436,32.59208984374977,16.647064295226855,1.5912487694274922,24.554327338110447,0.39801668629840625
piston_only,piston_only_trial13.csv,az,402.0999999999971,201.04999999999856,18.725738607911733,1.4954945492372487,17.327188902108443,6.741591070272931,3.905934706352723,15.256325930290734,24.73857421874982,18.08253659499557,15.34280150768022,2324.3710268938826,31.171374465768007
piston_only,piston_only_trial13.csv,aabs,402.0999999999971,201.04999999999856,1.20811216825237,1.3850077069485283,11.637475444136859,14.624805445348336,3.499457130472835,12.246200208017166,38.08955078124973,1.229714345655945,28.240291996859103,1725.19117160247,106.05261561293179
piston_only,piston_only_trial14.csv,ax,402.0999999999971,201.04999999999856,0.20515306122448834,0.4311520877952715,14.600056173038546,17.50764981518756,0.47292428165504546,0.22365737617894077,29.843359374999785,1.0,2.1389767621809344,26.787422456509443,0.6524147727437549
piston_only,piston_only_trial14.csv,ay,402.0999999999971,201.04999999999856,0.20515306122448834,0.2743217815329864,15.970296775383705,15.56914737948566,0.444652864628917,0.19771617002270198,27.487304687499805,16.647064295226855,1.568883207533372,25.000405082632163,0.4469361709438155
piston_only,piston_only_trial14.csv,az,402.0999999999971,201.04999999999856,0.20515306122448834,2.0285730219180023,15.284601261772002,13.182433823842684,3.516969594729334,12.369075130250614,25.52392578124982,16.647064295226855,15.223510859518166,2382.5489164071405,38.35163246516176
piston_only,piston_only_trial14.csv,aabs,402.0999999999971,201.04999999999856,0.20515306122448834,1.5696685169478333,11.174471106725541,18.499564873371533,2.9162093638228113,8.504277053647845,35.73349609374974,1.1320941433937326,23.901596577223085,1738.4377332196352,93.53651072557598
piston_only,piston_only_trial15.csv,ax,402.0999999999971,201.04999999999856,18.927090635953796,0.11533568877230448,18.243088840310495,9.067698619151518,0.36316071821206825,0.13188570725230522,25.52392578124982,18.08253659499557,1.4799037486893707,23.112158637314977,0.31734183172039787
piston_only,piston_only_trial15.csv,ay,402.0999999999971,201.04999999999856,18.927090635953796,0.140047728167024,17.18002291849507,6.458652810588933,0.305386230254897,0.09326074962929695,25.13124999999982,18.08253659499557,1.5461526957803369,23.220714916240723,0.30707075441856546
piston_only,piston_only_trial15.csv,az,402.0999999999971,201.04999999999856,0.20135202804206165,5.115477666713566,10.28472757777694,15.330223141157791,4.8572028004413905,23.592419044615685,24.345898437499827,1.0,25.057378850193782,2781.9034412406363,85.2970545626161
piston_only,piston_only_trial15.csv,aabs,402.0999999999971,201.04999999999856,0.20135202804206165,3.775518637681694,11.262029960171056,20.06595018057257,3.656875049014659,13.372735124105963,40.05292968749971,1.0,33.671758561663594,2052.3620573596922,114.34204691507722
both_simultaneous,both_simultaneous_trial01.csv,ax,402.0999999999971,201.04999999999856,11.981024568740114,0.6199540735965925,20.379134907509204,25.946698220384405,2.4463206737577763,5.9844848388547,67.14755859374952,11.473344285380252,9.295677776392303,835.3644580283574,13.10411667150596
both_simultaneous,both_simultaneous_trial01.csv,ay,402.0999999999971,201.04999999999856,11.560637741766778,0.5266976539445066,16.09426070113282,20.473980943331902,1.9889467983089901,3.9559093665035823,41.6236328124997,11.473344285380252,7.386100597090685,531.4817462844098,10.6345419574266
both_simultaneous,both_simultaneous_trial01.csv,az,402.0999999999971,201.04999999999856,0.21019341348666867,3.6538540449165526,12.581914011428296,13.44796487519607,4.043245792744791,16.347836540548457,23.560546874999833,1.0,18.559678572075853,2484.249786746111,55.558027963201994
both_simultaneous,both_simultaneous_trial01.csv,aabs,402.0999999999971,201.04999999999856,0.8407736539466747,1.9054880695233924,14.956783698900916,23.316985192546767,3.4092753962185136,11.623158727260904,43.587011718749686,1.2816371495063894,22.64726638587799,2104.846322566749,98.08769887839959
both_simultaneous,both_simultaneous_trial02.csv,ax,402.0999999999971,201.04999999999856,10.725266731328732,0.7318743797707467,16.409286107499796,20.59339101450195,1.4892726661396993,2.217933074110848,46.33574218749967,11.008526138475059,9.291260280814736,810.7797477635374,16.121601828343746
both_simultaneous,both_simultaneous_trial02.csv,ay,402.0999999999971,201.04999999999856,0.1950048496605224,0.549719688441344,15.1716979025709,20.286761350524095,1.2167736912605294,1.4805382157437739,40.83828124999971,11.473344285380252,7.205421627241867,520.5662544548795,10.768547274244177
both_simultaneous,both_simultaneous_trial02.csv,az,402.0999999999971,201.04999999999856,16.38040737148388,1.2512741724749772,17.1165380598604,7.705418348928246,3.399372468346024,11.555733178548937,24.345898437499827,16.647064295226855,14.776508680473194,2324.0660705045952,33.124730348783444
both_simultaneous,both_simultaneous_trial02.csv,aabs,402.0999999999971,201.04999999999856,1.3650339476236568,1.2778616828727984,11.178712619764964,16.512311479589908,3.3806625793543295,11.428879475446667,37.30419921874973,1.0862297564490278,26.619253429700557,2172.982585456185,115.87550072431728
both_simultaneous,both_simultaneous_trial03.csv,ax,402.09999999998814,201.04999999999407,8.400417827297803,0.632064742981475,17.157409250806833,22.745933728604506,2.086038022216721,4.351554630133849,50.65517578124851,8.95210028033207,8.268323333130127,842.7811187560791,16.47205399331232
both_simultaneous,both_simultaneous_trial03.csv,ay,402.09999999998814,201.04999999999407,8.58709377901553,0.5013955060291772,18.180355460913002,24.4847032892859,1.7377262074087925,3.0196923719153457,57.7233398437483,8.95210028033207,6.495197655263735,528.667529565097,10.411490721209137
both_simultaneous,both_simultaneous_trial03.csv,az,402.09999999998814,201.04999999999407,0.3733519034354579,2.329387475224035,14.100234007803998,9.21072089428832,3.372412502444889,11.373166086646599,23.560546874999304,17.349961075393697,14.76745002382309,2387.461612747905,45.58799355537438
both_simultaneous,both_simultaneous_trial03.csv,aabs,402.09999999998814,201.04999999999407,0.7467038068709158,1.8674654793960974,13.342201148347094,20.518650104410714,3.1563133249688486,9.962313805375908,41.62363281249877,1.1320941433937322,28.033672337136057,2206.2091604747725,110.89883869827503
both_simultaneous,both_simultaneous_trial04.csv,ax,402.0999999999971,201.04999999999856,11.07826530612237,0.7760155736461981,12.089461910573533,12.988857685588904,1.8177134120671457,3.304082048408785,22.775195312499836,11.008526138475059,9.557153302044537,808.165404837946,18.300696721833972
both_simultaneous,both_simultaneous_trial04.csv,ay,402.0999999999971,201.04999999999856,11.07826530612237,0.7049348924440878,15.593889667464593,19.615009023660118,1.3189096537833185,1.739522674842833,38.874902343749724,11.473344285380252,8.241555555608851,553.8527000348064,10.44512266415242
both_simultaneous,both_simultaneous_trial04.csv,az,402.0999999999971,201.04999999999856,0.20515306122448834,2.066617652207632,16.060090425619954,16.805784041879267,2.705336835155396,7.318847391648614,30.628710937499783,18.846043993325242,15.4872224703725,2445.1552631727227,35.506836943787306
both_simultaneous,both_simultaneous_trial04.csv,aabs,402.0999999999971,201.04999999999856,0.6154591836734651,2.0633052168001718,11.538822896854228,21.045927477529222,2.649737668953841,7.021109714272936,40.83828124999971,1.1320941433937326,35.21758987415996,1881.5636363134506,120.92266860053306
both_simultaneous,both_simultaneous_trial05.csv,ax,402.0999999999971,201.04999999999856,13.60818777292567,0.6623262859799992,15.566426958190236,19.746332667059086,2.0587011475469583,4.238250414911162,39.660253906249714,11.008526138475059,7.925819119096313,784.0076831675782,16.041385953942058
both_simultaneous,both_simultaneous_trial05.csv,ay,402.0999999999971,201.04999999999856,10.096397379912593,0.5962143956554911,14.194752206849714,17.432511141496892,1.7056398079992003,2.9092071546315488,32.19941406249977,10.134620298437424,6.751320094133837,529.0789019325805,11.628170534702484
both_simultaneous,both_simultaneous_trial05.csv,az,402.0999999999971,201.04999999999856,0.21948689956331724,6.13459302170949,10.841200973610551,17.267613636111907,5.0673643414024125,25.678181368516704,26.701953124999807,1.0,27.49970411078637,2985.2670160892535,97.16752395815479
both_simultaneous,both_simultaneous_trial05.csv,aabs,402.0999999999971,201.04999999999856,0.21948689956331724,3.730057802258527,12.546945222913358,23.942058459511422,3.8168383000960917,14.568254609080423,51.83320312499963,1.1798950837953142,26.678075465871665,2431.1739348309316,128.70532132762736
both_simultaneous,both_simultaneous_trial06.csv,ax,402.0999999999971,201.04999999999856,13.070172084129926,0.683455018645418,18.83353477882254,22.372752849234146,1.7260187001726532,2.9791405533456956,53.79658203124961,13.537342517011222,8.21318144556632,789.7065835012802,12.232121233081099
both_simultaneous,both_simultaneous_trial06.csv,ay,402.0999999999971,201.04999999999856,13.070172084129926,0.6801240847023337,20.333544065764805,24.77984413856622,1.431695866094788,2.0497530529929056,63.22080078124955,12.988905870618936,6.6442794167672,532.8832211202202,7.644971805308632
both_simultaneous,both_simultaneous_trial06.csv,az,402.0999999999971,201.04999999999856,0.19220841300191066,4.821679438908579,10.992735026440004,16.47132738630274,4.138500214957938,17.127184029206898,26.309277343749812,1.0,24.236350815733633,2912.235599576969,85.87595260602382
both_simultaneous,both_simultaneous_trial06.csv,aabs,402.0999999999971,201.04999999999856,0.19220841300191066,4.330666560181211,11.8096362714359,23.582676674980526,3.2929815796756565,10.843727684083182,47.51376953124966,1.1798950837953142,26.282937294121112,2474.310569990746,131.41685459340619
both_simultaneous,both_simultaneous_trial07.csv,ax,402.0999999999971,201.04999999999856,13.341755997958048,0.6731383093483251,10.243623465419525,8.281359288566092,2.1933854142420173,4.810939575409625,19.241113281249863,10.562539110406561,7.478315597653642,792.6236078274945,23.126923349206674
both_simultaneous,both_simultaneous_trial07.csv,ay,402.0999999999971,201.04999999999856,10.673404798366438,0.5124269871416457,12.506264995543777,14.220023139350042,1.8017464850032447,3.2462903962215472,22.775195312499836,11.473344285380252,6.892749868255504,513.427555729714,12.046087190470068
both_simultaneous,both_simultaneous_trial07.csv,az,402.0999999999971,201.04999999999856,0.20525778458396995,4.582198301768655,12.822332813651293,17.76296899346923,4.772265913813378,22.774521952145033,28.665332031249793,1.0,21.820830230080425,2731.863059186565,71.39269670406503
both_simultaneous,both_simultaneous_trial07.csv,aabs,402.0999999999971,201.04999999999856,0.20525778458396995,3.197995036397279,16.215156121042185,24.346300859171745,3.311607425430902,10.966743740169088,53.01123046874962,1.1798950837953142,29.103068460947377,2019.500867831899,108.36234043832584
both_simultaneous,both_simultaneous_trial08.csv,ax,402.0999999999971,201.04999999999856,11.259666128163625,0.8990826419358995,13.047827233714385,13.90679530548693,1.8211182784601376,3.316471784141615,25.52392578124982,10.562539110406561,8.912254989405982,833.1093601417595,18.51699313842194
both_simultaneous,both_simultaneous_trial08.csv,ay,402.0999999999971,201.04999999999856,11.259666128163625,0.7050913270520706,21.87704481166143,27.003324728125357,1.5699655414188705,2.4647918012426473,71.85966796874949,11.957788666258516,6.6478725255883315,537.7934433443969,7.9719473356073145
both_simultaneous,both_simultaneous_trial08.csv,az,402.0999999999971,201.04999999999856,0.21653204092622355,4.05666028768138,16.260196255816894,18.804966567297843,4.498757424793656,20.23881836713604,33.77011718749976,1.0,18.659575485848777,2553.1005728749005,55.28090985030468
both_simultaneous,both_simultaneous_trial08.csv,aabs,402.0999999999971,201.04999999999856,0.21653204092622355,2.3390545828158067,17.731358925395774,27.642890361045556,3.432470035819779,11.781850546800635,62.042773437499555,1.1798950837953142,23.536722945542834,1926.0271061645358,93.49685266207361
both_simultaneous,both_simultaneous_trial09.csv,ax,402.0999999999971,201.04999999999856,8.125234105470616,0.7149694313041358,9.635172092930354,8.228470616214045,1.6595520420321832,2.7541129802131894,18.06308593749987,8.58942497314071,9.531171612959694,797.784580279301,18.86172979300094
both_simultaneous,both_simultaneous_trial09.csv,ay,402.0999999999971,201.04999999999856,11.890586495810659,0.520369840194716,15.025022895667615,19.11337151230374,1.273644184460502,1.6221695086100572,38.08955078124973,11.008526138475059,6.7360909264473605,503.8820163523666,10.25471597282546
both_simultaneous,both_simultaneous_trial09.csv,az,402.0999999999971,201.04999999999856,0.1981764415968443,6.199191295225261,7.697283167266078,15.618665259134376,5.258837583080794,27.65537272522305,23.953222656249828,1.0,31.16650732334527,3101.8913165732106,116.0953136230704
both_simultaneous,both_simultaneous_trial09.csv,aabs,402.0999999999971,201.04999999999856,0.1981764415968443,4.137029037166786,9.604084837372698,20.75358822923644,3.8660547843646533,14.946379595708827,41.2309570312497,1.0,32.281083951524,2507.195897836977,130.01070081640773
both_simultaneous,both_simultaneous_trial10.csv,ax,402.0999999999971,201.04999999999856,11.083027079303596,0.7423031200169783,11.880299751829234,12.328052883539494,1.9742452737251104,3.8976444008259357,23.167871093749834,10.562539110406561,8.908933135289567,791.2182055969996,20.17447178261074
both_simultaneous,both_simultaneous_trial10.csv,ay,402.0999999999971,201.04999999999856,11.083027079303596,0.612806995145576,16.228539080182646,19.999830369085416,1.5848166095552845,2.5116436859223072,41.2309570312497,11.473344285380252,7.089728118085337,535.3734992634903,10.41917787860415
both_simultaneous,both_simultaneous_trial10.csv,az,402.0999999999971,201.04999999999856,0.19443907156672977,1.4721033140611073,19.11357550791536,15.772982740135921,3.618921900257877,13.096595720166082,32.19941406249977,18.08253659499557,15.23694686633339,2408.9174605919147,32.7924253091735
both_simultaneous,both_simultaneous_trial10.csv,aabs,402.0999999999971,201.04999999999856,2.333268858800757,1.2311592862077951,14.31140939582438,23.189292647929513,3.3710276983985197,11.36382774337002,47.51376953124966,2.1940984468992,22.13279590429126,2056.4152552929404,99.50213447266572
both_simultaneous,both_simultaneous_trial11.csv,ax,402.0999999999971,201.04999999999856,11.763042418332438,1.0587456394245434,20.71849263801252,24.890557674085155,1.9753678755602972,3.9020782437956023,64.00615234374955,11.957788666258516,9.351805934372983,834.4766523945101,11.871871823453267
both_simultaneous,both_simultaneous_trial11.csv,ay,402.0999999999971,201.04999999999856,11.763042418332438,0.614026185817766,16.416785400233547,20.082442797488113,1.6259349629743316,2.6436645038223414,41.2309570312497,11.957788666258516,7.2273318768322765,537.3944000829379,10.627078550993454
both_simultaneous,both_simultaneous_trial11.csv,az,402.0999999999971,201.04999999999856,18.23271574841528,1.6244217161321888,17.256481194202514,5.707335737528224,3.31666877157883,11.000291740366226,23.560546874999833,17.34996107539391,16.10677273028943,2317.196050135855,30.730269999547907
both_simultaneous,both_simultaneous_trial11.csv,aabs,402.0999999999971,201.04999999999856,1.176304241833244,1.6127570228056078,13.218520422360271,21.413890273630614,3.3943350114742747,11.521510170120065,40.05292968749971,1.1320941433937326,32.66859821163898,2155.243108197763,128.5846884603997
both_simultaneous,both_simultaneous_trial12.csv,ax,402.0999999999994,201.0499999999997,0.2252661064425767,0.8184313051782648,10.598648501285764,12.571564682802205,1.6066757533658627,2.5814069764537626,20.811816406249967,8.589424973140728,8.971011566316307,792.3731382877554,18.498834312300037
both_simultaneous,both_simultaneous_trial12.csv,ay,402.0999999999994,201.0499999999997,10.587507002801104,0.6002900609475527,12.149863902759716,14.958235283158142,1.4513692312509971,2.1064726454221105,26.70195312499996,11.008526138475082,6.554563261270251,528.687409928059,14.196023045292732
both_simultaneous,both_simultaneous_trial12.csv,az,402.0999999999994,201.0499999999997,0.2252661064425767,5.144903748422046,11.272359924383972,13.965410039972811,4.5663806114230026,20.851831888379916,23.953222656249963,1.0,24.205709270406363,2623.108484749278,75.30720476990136
both_simultaneous,both_simultaneous_trial12.csv,aabs,402.0999999999994,201.0499999999997,0.2252661064425767,3.6426379687625356,11.66995265455537,19.048088995855597,3.4822627955474603,12.126154177254014,38.874902343749945,1.1320941433937328,28.123599433012103,2174.932819402479,113.96885943940143
both_simultaneous,both_simultaneous_trial13.csv,ax,402.0999999999971,201.04999999999856,11.523227752639436,0.6426940282823091,18.08677078790304,24.01951012277935,1.964737136908252,3.860192017146436,56.937988281249595,10.562539110406561,8.649325598122022,835.4513973352093,14.880663492683913
both_simultaneous,both_simultaneous_trial13.csv,ay,402.0999999999971,201.04999999999856,10.916742081447886,0.5973188313206738,16.939155443725316,22.14694550829421,1.8917264127735418,3.5786288207850525,49.47714843749964,10.562539110406561,7.142914863955595,540.9622851605817,10.105792890264128
both_simultaneous,both_simultaneous_trial13.csv,az,402.0999999999971,201.04999999999856,19.60970336852676,1.1633391765066474,17.951637535024066,9.200260594775704,3.476700247681069,12.087444612225609,25.13124999999982,17.34996107539391,15.354236682065533,2322.3811650724824,30.704888096009324
both_simultaneous,both_simultaneous_trial13.csv,aabs,402.0999999999971,201.04999999999856,1.2129713423830983,1.5089935857921575,13.316802181701908,21.849974299512436,3.5551670890678455,12.639213031191138,40.83828124999971,1.229714345655945,23.97275749563116,1964.449608857908,92.75491842003561
both_simultaneous,both_simultaneous_trial14.csv,ax,402.0999999999971,201.04999999999856,8.058116232464872,0.8142216030275761,10.897289682142594,11.653074855213378,2.6161003214422305,6.843980891850141,20.81181640624985,9.330088996611831,9.654175098932479,821.8482587691462,21.428255853520604
both_simultaneous,both_simultaneous_trial14.csv,ay,402.0999999999971,201.04999999999856,8.058116232464872,0.584917172761866,11.933814933508051,12.925351361069843,2.2566190696228743,5.092329625385608,21.20449218749985,10.134620298437424,7.591650369794173,549.5935570612443,13.044970670189974
both_simultaneous,both_simultaneous_trial14.csv,az,402.0999999999971,201.04999999999856,0.2014529058116218,1.2271204090136354,17.501795440037974,13.349642392807237,2.747799617703921,7.5504027390538155,28.272656249999798,18.846043993325242,15.310245880806713,2352.511581809867,30.46841220830929
both_simultaneous,both_simultaneous_trial14.csv,aabs,402.0999999999971,201.04999999999856,1.208717434869731,1.7647248020231907,11.93120482544612,16.756789873853727,3.195672309556687,10.21232151006737,37.69687499999973,1.1320941433937326,28.179573720796828,2203.743621025988,111.75096361659608
both_simultaneous,both_simultaneous_trial15.csv,ax,402.0999999999971,201.04999999999856,11.908193484698831,0.8026529518752126,18.484289956340906,23.00375791559888,1.550758253668543,2.404851161321109,54.18925781249961,11.473344285380252,7.666745721507223,815.1601063410799,15.825765995392745
both_simultaneous,both_simultaneous_trial15.csv,ay,402.0999999999971,201.04999999999856,11.908193484698831,0.6181690072971656,13.048039328945535,14.3448063341485,1.4048792456738017,1.97368569492499,23.560546874999833,11.957788666258516,6.328559468285319,509.0085974103185,12.968615245563504
both_simultaneous,both_simultaneous_trial15.csv,az,402.0999999999971,201.04999999999856,0.19846989141164717,4.575038138508264,10.61666103137523,14.879913210160373,4.447778136481202,19.782730351360197,24.73857421874982,1.0,23.299928005946754,2712.9599424459543,77.13364122798355
both_simultaneous,both_simultaneous_trial15.csv,aabs,402.0999999999971,201.04999999999856,0.5954096742349415,2.904976941422859,10.699491434072705,19.725670164807088,3.639317697464662,13.24463330307949,41.6236328124997,1.0,29.32488954702079,2146.8097778492006,101.04043976567306
both_alternating,both_alternating_trial01.csv,ax,402.09999999998814,201.04999999999407,12.808030506953415,0.46185677549092213,16.075464744465503,20.439980917096044,1.6288756996421259,2.653236044884625,41.230957031248785,14.108936060381591,5.559023859004093,463.4385781180012,10.441654517516074
both_alternating,both_alternating_trial01.csv,ay,402.09999999998814,201.04999999999407,12.808030506953415,0.388516416839425,17.268789347856423,21.867738780203428,1.2256233541340158,1.502152606198715,47.90644531249859,12.462687968764298,4.609901475027631,320.5014672789167,5.973462077000847
both_alternating,both_alternating_trial01.csv,az,402.09999999998814,201.04999999999407,0.3607895917451666,1.2425857189445695,17.09974290163262,9.808392420986385,2.1477116900447673,4.6126655035549495,25.916601562499235,18.846043993325,10.289962466699608,1172.9741952196084,18.283164791934745
both_alternating,both_alternating_trial01.csv,aabs,402.09999999998814,201.04999999999407,1.2627635711080831,1.225816904632143,12.974251619624296,21.219176744973733,2.265865896396713,5.13414826045368,42.01630859374876,1.281637149506388,18.03892745603413,1148.7040176592934,54.70323309629124
both_alternating,both_alternating_trial02.csv,ax,402.0999999999971,201.04999999999856,0.39851337958374344,0.613388694720238,14.709128750025616,19.692032330090502,1.6751958280897388,2.8062810624492656,38.08955078124973,11.473344285380252,6.684574753728461,433.8823522665647,8.866046608340657
both_alternating,both_alternating_trial02.csv,ay,402.0999999999971,201.04999999999856,11.955401387512303,0.43873777099974454,11.005763885856165,8.267242874011254,1.3340089967492472,1.779580003407933,20.419140624999855,11.473344285380252,4.999638553957357,265.15286250998867,6.409040673369057
both_alternating,both_alternating_trial02.csv,az,402.0999999999971,201.04999999999856,0.19925668979187172,4.5103983021821525,4.4127511729392515,11.82495978455195,3.438646030182247,11.824286520888126,20.419140624999855,1.0,22.783271714754928,1584.7452150589113,60.855588202767116
both_alternating,both_alternating_trial02.csv,aabs,402.0999999999971,201.04999999999856,0.19925668979187172,3.579934665395948,7.479636428759332,16.73703175349624,2.699776348822925,7.288792333663644,34.162792968749756,1.0,24.476448385943883,1574.4895624500273,77.2730507522539
both_alternating,both_alternating_trial03.csv,ax,402.0999999999971,201.04999999999856,0.20216189039718307,0.28856412247401364,30.342225524364412,32.90531044752368,0.8905539606541173,0.793086356836735,108.37851562499922,11.957788666258516,3.6744135660028867,254.96142851823092,3.356696433951566
both_alternating,both_alternating_trial03.csv,ay,402.0999999999971,201.04999999999856,13.949170437405632,0.2763493417797212,18.51626598605884,23.737742251605034,0.5930951779354107,0.3517618900902364,54.97460937499961,11.957788666258516,3.699804462840622,191.44876877949415,3.570354948451852
both_alternating,both_alternating_trial03.csv,az,402.0999999999971,201.04999999999856,0.20216189039718307,2.1760024009320538,13.057472419924506,8.94302480441375,3.150814122450017,9.927629634230469,20.81181640624985,16.647064295226855,12.141402916535968,1425.9247890422578,29.530189722061646
both_alternating,both_alternating_trial03.csv,aabs,402.0999999999971,201.04999999999856,0.40432378079436615,1.75111302331077,11.61014124204094,18.354731375906006,2.744170335809937,7.530470831939224,35.340820312499744,1.938088329228386,17.05452241862948,1259.0583815673103,52.02834958736381
both_alternating,both_alternating_trial04.csv,ax,402.0999999999971,201.04999999999856,0.5930678466076654,0.4078651984127007,12.412938257582535,15.836939495883955,1.364634625516512,1.8622276611585908,27.8799804687498,10.562539110406561,5.575576055491598,301.9657790121218,7.436407784692976
both_alternating,both_alternating_trial04.csv,ay,402.0999999999971,201.04999999999856,0.19768928220255513,0.563622092464132,11.041413787328992,11.252449246675795,1.2987338632503616,1.6867096475532086,21.989843749999842,11.008526138475059,5.6151914503011495,300.31024285590564,7.4730355713998495
both_alternating,both_alternating_trial04.csv,az,402.0999999999971,201.04999999999856,0.19768928220255513,1.0781921681472015,16.849861567422995,11.276772585591251,2.239294377924964,5.014439311006352,25.916601562499814,18.08253659499557,10.562148136570439,1199.8665986713627,15.919898813212702
both_alternating,both_alternating_trial04.csv,aabs,402.0999999999971,201.04999999999856,0.9884464110127756,1.0633997638317705,10.813749414521295,17.094670266240733,2.4453185380176485,5.979582752372771,38.482226562499726,1.0,16.643654217329907,1195.8504653510588,51.490613439686285
both_alternating,both_alternating_trial05.csv,ax,402.0999999999971,201.04999999999856,8.092093914710052,0.19705030769789705,16.30574855016481,21.630681933532113,0.8340496524030726,0.6956388226736863,45.94306640624967,9.724037707212469,3.3411812447647105,160.79201371219014,3.3079404174408293
both_alternating,both_alternating_trial05.csv,ay,402.0999999999971,201.04999999999856,1.7340201245807254,0.1532092940925666,14.867336811081177,15.717323611235175,0.4555982837519087,0.20756979615768473,29.058007812499792,9.330088996611831,2.125502810704757,83.96962733844938,2.1162733258128243
both_alternating,both_alternating_trial05.csv,az,402.0999999999971,201.04999999999856,0.19266890273119172,3.565608787438977,8.676244974709743,12.259712773658425,2.8729879799419997,8.254059932891213,21.597167968749847,1.0,18.14726601945311,1444.3251764928912,44.16991100450556
both_alternating,both_alternating_trial05.csv,aabs,402.0999999999971,201.04999999999856,0.19266890273119172,2.7802041830625708,8.225669121645598,17.584600155153318,2.3619718089521533,5.578910826284708,35.340820312499744,1.0,19.554098743516303,1255.891597649068,60.0330280922317
both_alternating,both_alternating_trial06.csv,ax,402.0999999999971,201.04999999999856,9.512469196648526,0.5397589866504471,10.516633418490605,9.032884204180698,1.7146188197033245,2.9399176968808214,18.848437499999864,9.724037707212469,6.855809818072477,478.2600780953151,12.293345678411827
both_alternating,both_alternating_trial06.csv,ay,402.0999999999971,201.04999999999856,9.512469196648526,0.4093181323120932,9.824004918745748,6.821850115767784,1.4291097593715791,2.0423547043310926,18.06308593749987,9.724037707212469,5.155949725549337,253.4894548246299,6.345366543352272
both_alternating,both_alternating_trial06.csv,az,402.0999999999971,201.04999999999856,0.1981764415968443,1.8376366094393084,13.596582724079235,8.80216100848699,3.018305477360057,9.110167954661721,21.597167968749847,17.34996107539391,12.255794904363752,1485.6542725264271,27.12959352526407
both_alternating,both_alternating_trial06.csv,aabs,402.0999999999971,201.04999999999856,0.5945293247905329,1.6545826449403593,9.538282103167198,13.058867409480522,3.0827623034946456,9.503423419847614,34.555468749999754,1.3357523141837326,16.374662632095873,1404.5057838719274,58.24221899804843
both_alternating,both_alternating_trial07.csv,ax,402.0999999999971,201.04999999999856,11.540634441087532,0.47431526986786626,21.645309795079022,27.617851514829074,1.3557645291810778,1.8380974585855898,74.21572265624947,11.957788666258516,5.998222539033221,409.09895266823173,6.1091862814987765
both_alternating,both_alternating_trial07.csv,ay,402.0999999999971,201.04999999999856,0.20246727089627248,0.48640768598481116,14.834512773844699,21.151733314682176,1.0318724130213865,1.064760676754579,37.30419921874973,6.4304024645389735,3.6758750259181507,199.40295452281435,4.560731254206915
both_alternating,both_alternating_trial07.csv,az,402.0999999999971,201.04999999999856,0.20246727089627248,1.3181710930823318,17.796597435315434,16.672614588109326,2.879689780931748,8.292613234402738,34.94814453124975,16.647064295226855,10.518173915946294,1247.241782092372,19.628250412227917
both_alternating,both_alternating_trial07.csv,aabs,402.0999999999971,201.04999999999856,1.2148036253776349,1.0164598213486544,14.28370861749284,25.84154820123163,2.864972972663562,8.208070134092688,58.90136718749958,1.1320941433937326,17.331399203769966,1318.824525340604,66.32921103621574
both_alternating,both_alternating_trial08.csv,ax,402.0999999999994,201.0499999999997,12.16436974789914,0.612657568305562,11.923549381143799,12.422331661551747,1.820706557424176,3.314972368247395,21.989843749999967,11.473344285380275,7.401318719074526,585.932101325206,13.356964490392357
both_alternating,both_alternating_trial08.csv,ay,402.0999999999994,201.0499999999997,0.4505322128851534,0.6602763996507816,9.842029569615354,8.999088694838628,1.3692942101610253,1.8749666339805062,21.20449218749997,3.6040124681553145,6.054648024045027,373.967149558349,9.730336356063928
both_alternating,both_alternating_trial08.csv,az,402.0999999999994,201.0499999999997,0.2252661064425767,3.550619974713141,14.25805419751958,17.023088015516308,3.6082099101742866,13.019178755879933,29.058007812499955,1.0,16.103625618027753,1259.9022479261187,35.75703847894823
both_alternating,both_alternating_trial08.csv,aabs,402.0999999999994,201.0499999999997,0.2252661064425767,2.161623090848577,14.99852002987721,22.286702504252847,2.9931835121932955,8.959147537665793,42.80166015624994,1.0,22.62798053364219,1363.816301943453,68.64578704895615
both_alternating,both_alternating_trial09.csv,ax,402.0999999999971,201.04999999999856,0.20684156378600674,0.47295017034123216,9.567464855206108,9.421818305766596,1.4666289359598106,2.1510004357946064,18.848437499999864,9.330088996611831,6.18175325308294,345.3967541203842,9.512930127032359
both_alternating,both_alternating_trial09.csv,ay,402.0999999999971,201.04999999999856,15.306275720164498,0.33513788838212255,22.083591987637156,28.433079932756602,1.3662902410578168,1.866749022809827,77.35712890624944,9.330088996611831,4.063853112411697,228.28625324939023,3.5450078760375545
both_alternating,both_alternating_trial09.csv,az,402.0999999999971,201.04999999999856,0.20684156378600674,4.628913607985796,12.13406106320318,19.353307278992283,4.156733348010719,17.278432126464402,32.19941406249977,1.0,22.47216680452523,1864.8293917368114,60.87539164894377
both_alternating,both_alternating_trial09.csv,aabs,402.0999999999971,201.04999999999856,0.20684156378600674,3.318153175015553,15.287585140886362,26.641081357433382,3.1234591664079803,9.755997164218034,57.723339843749585,1.0862297564490278,27.05120559036077,1617.452577552485,90.43060470797725
both_alternating,both_alternating_trial10.csv,ax,402.0999999999971,201.04999999999856,9.578877713075633,0.3471845298934919,16.73290035903017,12.909645752578276,0.30897610549788557,0.0954662337686405,27.487304687499805,9.724037707212469,6.077120260403825,347.6272539808799,5.0749290215708145
both_alternating,both_alternating_trial10.csv,ay,402.0999999999971,201.04999999999856,0.2128639491794585,0.5904149360638906,7.104530546955543,14.565381532594461,0.4531521384623906,0.2053468605930376,23.953222656249828,10.134620298437424,5.27433819354679,241.7042801537326,4.179416540551764
both_alternating,both_alternating_trial10.csv,az,402.0999999999971,201.04999999999856,0.2128639491794585,3.0091011660376643,13.814572569087659,14.657788666929145,3.5294912119745256,12.457308215405407,27.094628906249806,1.0,13.556321229604873,1522.8436025042581,36.05984071738712
both_alternating,both_alternating_trial10.csv,aabs,402.0999999999971,201.04999999999856,0.2128639491794585,2.0635128655031196,10.791923472505944,19.352806152710208,2.9149194153658167,8.496755198076595,37.30419921874973,1.2816371495063894,16.38853665754236,1491.103584397867,60.597311802705995
both_alternating,both_alternating_trial11.csv,ax,402.0999999999971,201.04999999999856,12.287565858798649,0.4538339204010197,19.958272596903992,25.281362491022527,1.3024948407834245,1.6964928102674381,64.00615234374955,11.957788666258516,5.3497401058008185,309.5389957901297,5.188183766436623
both_alternating,both_alternating_trial11.csv,ay,402.0999999999971,201.04999999999856,0.2118545837723905,0.38472866963776114,17.694262238943967,23.464590055594172,1.0601505947623884,1.1239192835750458,53.01123046874962,10.562539110406561,4.317913596324449,204.55071494049744,3.911840679453248
both_alternating,both_alternating_trial11.csv,az,402.0999999999971,201.04999999999856,0.2118545837723905,4.317672908508294,12.370460875072746,17.42450685502102,3.876195249730583,15.024889614033935,28.272656249999798,1.0,19.65975419475381,1786.3094772530715,51.16295209851502
both_alternating,both_alternating_trial11.csv,aabs,402.0999999999971,201.04999999999856,0.423709167544781,2.6373180886140895,14.169395289919136,25.635437745440303,3.0313403636522023,9.189024400307066,56.1526367187496,1.0,19.33532860222308,1590.484157332756,71.3287540692748
both_alternating,both_alternating_trial12.csv,ax,402.0999999999971,201.04999999999856,0.20910036401455911,0.6915792601641498,15.164832918742551,19.349170633662265,1.895880541242923,3.5943630266635584,34.94814453124975,10.562539110406561,7.026200606267534,621.3088116335906,13.134050137395
both_alternating,both_alternating_trial12.csv,ay,402.0999999999971,201.04999999999856,0.20910036401455911,0.7392209243276355,9.596810521164743,7.833491637529455,1.5445561324538,2.3856536463006406,18.45576171874987,10.134620298437424,6.424865941649438,431.4801831771651,12.122596193724313
both_alternating,both_alternating_trial12.csv,az,402.0999999999971,201.04999999999856,0.20910036401455911,5.1802528933177365,11.7613101588871,19.944802319666028,4.655772627457139,21.676218758579157,33.77011718749976,1.0,24.420120972553804,2176.170830992824,75.29723818107844
both_alternating,both_alternating_trial12.csv,aabs,402.0999999999971,201.04999999999856,0.20910036401455911,3.7097246221187445,15.752086889063415,27.147922134584533,3.4338780012504078,11.791518127471496,64.00615234374955,1.0,26.779566608925037,2240.978935091833,111.97136297775496
both_alternating,both_alternating_trial13.csv,ax,402.0999999999971,201.04999999999856,14.406791443850166,0.5536111625393593,19.913241435619156,23.620494264023446,1.947130516327162,3.7913172476124806,51.44052734374963,13.537342517011222,6.523087763748535,438.0601935461816,6.0932605533534945
both_alternating,both_alternating_trial13.csv,ay,402.0999999999971,201.04999999999856,0.2150267379679129,0.3978408930213469,14.148003388229746,17.92408304251418,1.5438247983487314,2.383395007996501,28.665332031249793,12.988905870618936,4.785140874878672,282.74596749329896,6.670239842554465
both_alternating,both_alternating_trial13.csv,az,402.0999999999971,201.04999999999856,17.63219251336886,0.8558474319727433,17.36282510046317,15.81435456193479,2.528209023002815,6.391840863992848,33.37744140624976,15.972643883474825,10.467655504852207,1060.1372217713108,16.348898595003256
both_alternating,both_alternating_trial13.csv,aabs,402.0999999999971,201.04999999999856,0.6450802139037387,1.3115392097566971,13.452389716317493,22.304046192002776,2.9786284126675513,8.872227220750416,43.587011718749686,1.784234244847197,16.255673815446826,1083.0021522019065,50.65804493026354
both_alternating,both_alternating_trial14.csv,ax,402.09999999998814,201.04999999999407,0.37667447306790464,0.4245800514047304,16.74498336564006,21.280954367197115,1.572008486043557,2.4712106801929563,45.550390624998656,11.473344285380135,5.6291968753568336,356.8445170054077,7.38018092049511
both_alternating,both_alternating_trial14.csv,ay,402.09999999998814,201.04999999999407,0.37667447306790464,0.38161929887444007,21.48401116558682,26.52712336047727,1.1551627255218173,1.3344009224349935,71.0743164062479,12.98890587061879,4.108953181548811,212.16120165877223,3.385898280624803
both_alternating,both_alternating_trial14.csv,az,402.09999999998814,201.04999999999407,0.18833723653395232,2.9240424361516264,13.479408848341555,19.276350374047144,2.7178986153085654,7.386972883096218,32.59208984374904,1.0,16.548010340850006,1545.1062853529834,38.11963539112008
both_alternating,both_alternating_trial14.csv,aabs,402.09999999998814,201.04999999999407,0.18833723653395232,2.3557785986585276,15.446053831867317,26.236700403108856,2.5535594741241705,6.520665987889311,58.11601562499828,2.0199211390340452,15.261170588931872,1355.2312180248566,55.908790208198276
both_alternating,both_alternating_trial15.csv,ax,402.0999999999971,201.04999999999856,0.21571888412017015,0.6366566576551126,13.242576648731104,18.18311478799854,1.2149703470922018,1.4761529443133454,32.59208984374977,10.562539110406561,5.294477621871102,249.18586296991387,5.449890249070464
both_alternating,both_alternating_trial15.csv,ay,402.0999999999971,201.04999999999856,11.217381974248848,0.3598035495743929,19.93295975532878,24.0629112147934,1.122914894897488,1.2609378611826367,58.90136718749958,11.473344285380252,4.378895312264384,188.25592007092405,2.897565205391831
both_alternating,both_alternating_trial15.csv,az,402.0999999999971,201.04999999999856,0.21571888412017015,3.051682134177248,16.204556639374957,18.889936974733715,3.5263312830619724,12.435012317901496,34.94814453124975,1.0,15.053002630770655,1613.479050078884,35.91665798904849
both_alternating,both_alternating_trial15.csv,aabs,402.0999999999971,201.04999999999856,0.21571888412017015,2.299319677588793,15.790778397756132,24.821384136297354,3.070899178953136,9.430421767295046,49.08447265624965,1.642593782994863,18.141514596340247,1350.6793448013213,62.57192839862201
