class,file,CWT_DominantAmplitude_aabs,CWT_DominantAmplitude_ax,CWT_DominantAmplitude_ay,CWT_DominantAmplitude_az,CWT_DominantFrequency_Hz_aabs,CWT_DominantFrequency_Hz_ax,CWT_DominantFrequency_Hz_ay,CWT_DominantFrequency_Hz_az,CWT_GlobalWaveletPower_aabs,CWT_GlobalWaveletPower_ax,CWT_GlobalWaveletPower_ay,CWT_GlobalWaveletPower_az,CWT_MeanWaveletPower_aabs,CWT_MeanWaveletPower_ax,CWT_MeanWaveletPower_ay,CWT_MeanWaveletPower_az,CrestFactor_aabs,CrestFactor_ax,CrestFactor_ay,CrestFactor_az,FFT_DominantAmplitude_m_s2_aabs,FFT_DominantAmplitude_m_s2_ax,FFT_DominantAmplitude_m_s2_ay,FFT_DominantAmplitude_m_s2_az,FFT_DominantFrequency_Hz_aabs,FFT_DominantFrequency_Hz_ax,FFT_DominantFrequency_Hz_ay,FFT_DominantFrequency_Hz_az,Kurtosis_aabs,Kurtosis_ax,Kurtosis_ay,Kurtosis_az,P2P_aabs,P2P_ax,P2P_ay,P2P_az,PSD_F95_Hz_aabs,PSD_F95_Hz_ax,PSD_F95_Hz_ay,PSD_F95_Hz_az,PSD_SpectralBandwidth_Hz_aabs,PSD_SpectralBandwidth_Hz_ax,PSD_SpectralBandwidth_Hz_ay,PSD_SpectralBandwidth_Hz_az,PSD_SpectralCentroid_Hz_aabs,PSD_SpectralCentroid_Hz_ax,PSD_SpectralCentroid_Hz_ay,PSD_SpectralCentroid_Hz_az,PSD_SpectralRMS_m_s2_aabs,PSD_SpectralRMS_m_s2_ax,PSD_SpectralRMS_m_s2_ay,PSD_SpectralRMS_m_s2_az,PSD_TotalSpectralPower_aabs,PSD_TotalSpectralPower_ax,PSD_TotalSpectralPower_ay,PSD_TotalSpectralPower_az,RMS_aabs,RMS_ax,RMS_ay,RMS_az,xy_TotalPower,z_TotalPower,z_over_xy_power,xy_RMS
piston_only,piston_only_trial01.csv,28.66792167598272,1.5281687312211876,1.801851587703109,16.68083791465404,1.3357523141837326,18.84604399332524,1.0,1.0,1732.452851094654,24.214232931864174,26.316833048940865,2472.40699196752,93.41439869594912,0.4565102442189672,0.6007298151386231,48.87561709913492,5.092833423366731,5.9341758439460826,6.898300337568049,5.098824801112547,2.093069744035541,0.2511467370409579,0.357966441590779,2.840572245945584,1.345458891013375,0.1922084130019106,0.1922084130019106,0.1922084130019106,5.724007263563946,6.693689153971743,8.164348084230493,5.065351052620439,25.53636820084571,5.091873048192035,5.482268065202995,48.02648535630224,40.44560546874971,23.560546874999837,26.701953124999807,26.30927734374981,19.541186826849117,10.684158694502605,15.154400202846816,13.444903427237325,13.15039091891934,13.741805188061168,14.493401048527382,16.121197993293883,3.2597222061153595,0.3214705567234332,0.3949198457880399,3.970992659088012,10.625788861041586,0.1033433188400741,0.1559616845972492,15.76878269853088,5.022113156768057,0.4687338461727451,0.5787553625639796,4.966583470670594,0.2593050034373233,15.76878269853088,60.81171782071824,0.7447611618797386
piston_only,piston_only_trial02.csv,29.696986797409107,1.495138443872749,1.561624535806476,15.173831816553903,1.2297143456559438,18.082536594995343,16.64706429522666,16.64706429522666,1701.020774055426,23.193353418685543,23.423604007510004,2283.0731202810957,102.20652379457272,0.2983694095564657,0.3300802922989665,32.43900735327084,7.0614425574696895,7.173630241571303,6.701605387799436,7.105723704333149,1.7899832514582372,0.1140254290058391,0.1487741895766537,1.206037836069801,1.3031018518518134,18.801898148147597,16.754166666666173,18.057268518517983,12.873313384795082,12.172569048680607,11.16076833275337,12.332546977509429,24.296188467253568,4.141967701895799,4.156323193036167,39.5311642953388,36.911523437498914,25.916601562499235,23.95322265624929,23.95322265624929,14.49801288926047,9.62471340844158,7.40034932336313,7.414956033619178,11.359024870148437,18.1267438299702,16.83698961060031,16.51217311865817,3.036756045312621,0.318293876619442,0.302211875257503,3.359026993087217,9.22188727874275,0.1013109918934325,0.0913320175466565,11.28306234028855,3.4422181902763898,0.340835436577315,0.3443437501578839,3.407950213305649,0.192643009440089,11.28306234028855,58.569798992875086,0.4845012003077434
piston_only,piston_only_trial03.csv,28.925627967514316,1.5051689351053223,2.25276332809676,25.05668764606324,1.2816371495063894,18.08253659499557,1.0,1.0,2014.1045231795704,24.131866080812788,27.36997892902656,2791.526090513385,113.58719948741076,0.4146809049832282,0.7061961176399614,82.02388758973748,5.3752013609045575,5.601875314788699,5.197167243362262,5.380461453384584,3.833517473695873,0.2439808657778397,0.4631661646179413,5.109900891816733,0.2058883768561173,0.2058883768561173,0.2058883768561173,0.2058883768561173,6.834049706608766,7.364851537784672,4.143846425927752,4.554735727716022,37.52270247820494,4.490478792117619,5.718495636639089,59.01564846061191,47.906445312499656,27.09462890624981,27.8799804687498,27.8799804687498,23.71106434609056,13.385686297558133,17.38521270372143,17.1516146545796,14.01998760010236,16.003589802572968,12.162801423767178,12.099566398699729,3.5002271604029818,0.3932924213586536,0.4460202459716143,4.935193926100286,12.25159017442272,0.1546789286981527,0.1989340598165793,24.356139088217155,6.984734539694092,0.4426030106559577,0.6451359961656832,6.940779402300957,0.353612988514732,24.356139088217155,68.87795380627668,0.7823668439999271
piston_only,piston_only_trial04.csv,29.00430776846582,1.5319333800622397,1.9407508030576237,14.426322003961127,1.1320941433937326,18.08253659499557,1.0,18.84604399332524,1674.3009871762044,24.24554335351837,25.6804553462354,2353.913598932825,93.7878480177827,0.4071795062513803,0.5518263919888197,39.90423663882103,6.433774144558798,5.338353065933767,5.008224148765357,6.486202618543525,1.9769144852489529,0.2867483002345677,0.3957668271694098,2.4902241770047904,1.105277625068711,0.2210555250137422,0.2210555250137422,0.2210555250137422,8.771853984662979,5.3972478392314684,4.38182396558943,7.794339419940549,29.027666981964448,4.635524844544388,5.376179853794034,49.258839203808336,42.4089843749997,37.30419921874973,34.555468749999754,27.487304687499805,21.464523709096365,19.654674761571744,19.19855509995185,14.296015582856484,14.615870734045773,17.29183482436929,16.45079491178988,17.02616376248085,3.2508513644068118,0.3507801668504903,0.4283697418934349,3.95636289699928,10.568034593465628,0.1230467254556578,0.1835006357698481,15.652807372752532,4.513483782000638,0.472814324751314,0.56492058540993,4.452959375165335,0.3065473612255059,15.652807372752532,51.061628161391454,0.7366740483483445
piston_only,piston_only_trial05.csv,26.27840675645985,2.013595326457576,2.654685390574651,21.794797390385508,1.3921524087643515,1.0,1.0,1.0,1933.9959754497468,26.05861243065237,27.9961045013526,2703.1044814036622,98.39844681836811,0.6398964044159471,0.918870425401952,69.79902064269093,5.190084451779088,5.2132374610506105,6.041918894862851,5.179263016942744,3.125443232722046,0.4111918318524291,0.5548915452224963,4.594293890562476,0.2075890552400604,0.2075890552400604,0.2075890552400604,0.2075890552400604,6.239807096997755,4.092765238837441,6.144781962351031,4.575676639912299,33.31671564304011,5.119196038294751,6.549432068782091,63.69824245138568,45.94306640624967,27.487304687499805,23.560546874999837,31.414062499999776,23.3257022605909,16.648512613849572,15.268955324505898,18.602178342805725,13.009868636232405,12.39776474818867,8.981373870176075,13.514856425939142,3.8084956600892337,0.4112543043032481,0.4742342046911272,4.643124084991694,14.504639192918528,0.1691301028079486,0.2248980808990259,21.558601268629957,6.424007672864853,0.5886254552621732,0.7310489402361993,6.355073729031273,0.3940281837069745,21.558601268629957,54.71334833414445,0.9385693792166196
piston_only,piston_only_trial06.csv,28.21079398749055,1.4700557127744902,2.7611990371503814,15.704020916793674,1.1798950837953142,18.08253659499557,1.0,16.647064295226855,1653.8163631695154,22.935628245024432,28.756637676323408,2326.3237002320534,101.57369090376788,0.2978704585817537,0.95047537805625,32.25076117811697,5.749937078563296,6.523120126125757,5.828842496661906,5.895669197741069,1.325761749357062,0.1264151699070582,0.6098771814112522,1.6363195598400095,1.1034577387486202,19.64154774972544,0.220691547749724,16.110482985729853,9.88417494035257,11.917020706304385,5.216752410180737,9.1545754100022,21.007304501301405,3.730953794757801,6.601765867057504,36.73499263247548,33.77011718749976,26.701953124999807,24.345898437499827,23.167871093749834,16.41873073602362,10.186491200163406,15.579078442792364,9.536605249437846,10.49528315381943,18.06516583915126,8.705417020012385,15.974818222676642,2.907454660597079,0.3094973659277311,0.4639128714472491,3.2601964523749283,8.453292603427675,0.0957886195162038,0.2152151522944318,10.628880908078068,3.659296795096449,0.3573553782413073,0.75959082055451,3.561709133769135,0.3110037718106356,10.628880908078068,34.17605145493154,0.8394528462210737
piston_only,piston_only_trial07.csv,36.03524402217369,1.6971007642084308,1.4810780786891058,35.95120986679558,1.0,1.0,18.082536594995343,1.0,2567.636527123598,26.06434769290573,24.53208319268113,3318.8296046129035,151.89442254278703,0.5792710384880984,0.3741436110289103,144.65317399814032,6.104456262168383,6.267010825202791,5.513391333135172,6.108804044234184,5.0405029318078505,0.3310658766992183,0.2154220920437486,6.530864832850147,0.1879850397381898,0.1879850397381898,0.1879850397381898,0.1879850397381898,9.570320739946796,6.468514901536185,5.094064698342351,6.62442706355862,57.0954403666195,5.322544092813718,4.283897152684972,77.75086118894791,40.44560546874881,27.0946289062492,37.69687499999889,23.95322265624929,19.78747964626113,15.957438235122854,18.35847090211883,15.650394639792866,8.867191724376994,13.808015179605588,20.28815821862421,8.517767264109265,3.861420054669646,0.3718144823465022,0.3856571394752594,5.178442650396706,14.910564838604932,0.1382460092825974,0.1487314292282397,26.816268283447663,9.356595365841876,0.5578272058854541,0.4444109711960297,9.32937321244832,0.2869774385108371,26.816268283447663,93.44382061043102,0.7132126631975705
piston_only,piston_only_trial08.csv,22.83116937401815,2.718689724417599,1.5327585157051156,23.99624705870116,1.512197371912029,1.0,17.34996107539391,1.0,2081.866598413664,29.176624552369333,22.99000365675237,2820.7361020690983,104.65551376609017,0.9341478147252832,0.3119271968396424,81.18618128382076,5.770609546017236,5.756886536171681,5.078099657717569,5.777781322881341,3.362450623416468,0.6083406424793,0.1500846972895366,5.363865467899997,0.4440640530093839,0.2220320265046919,18.428658199889437,0.2220320265046919,8.312959415203794,4.880266509222541,7.731505768069152,4.992668691117413,40.22581815162483,6.274659919856725,3.115668951791223,63.41715870872666,56.9379882812496,27.8799804687498,23.167871093749834,30.236035156249784,25.08442378203235,17.436128677741948,6.1853380085752345,18.056381289054524,13.157227480320207,11.048497605035914,16.5614144933734,12.446766016032775,3.557597256858785,0.491138702190447,0.3229270128541754,4.789204231282166,12.65649824200915,0.2412172247893166,0.1042818556309208,22.936477168931,6.977905125871543,0.7575777532676641,0.3427252346853451,6.928187014430843,0.34549908042023736,22.936477168931,66.3865071392749,0.8314954231601077
piston_only,piston_only_trial09.csv,26.830768325118857,1.5393889144098971,2.319409929721256,19.517033091866598,1.0,18.082536594995343,1.0,1.0,1957.31023952155,24.424851236313916,27.578948071818303,2639.440054481209,105.28116912790522,0.3329088141198373,0.8047152145455857,61.40655950553738,5.327148317314497,6.558369864794392,5.75237477183348,5.330136331993478,2.7517129668562235,0.1930066634451349,0.4396274738333371,3.678665126168087,0.1750544188071346,0.3501088376142692,0.3501088376142692,0.3501088376142692,5.662778255746135,7.159548493247087,5.671323702195959,4.873475956242686,31.20391971338104,5.051430435826305,6.139105126304974,55.63713527186428,49.869824218748526,42.40898437499875,29.84335937499912,33.37744140624901,24.80446424195382,20.39232094840059,17.96191771625832,19.26539851105836,14.144326467840443,19.38173361795104,13.404360337625205,14.227238980257654,2.960165129136111,0.2991567463307272,0.4448894623271643,3.680470311648274,8.76257759175341,0.089494758875187,0.1979266336897533,13.545861714924342,5.858933876777626,0.4221369792424055,0.6583806566436949,5.806499931470422,0.2874213925649403,13.545861714924342,47.128926605084814,0.7820899681535917
piston_only,piston_only_trial10.csv,30.341594128638828,1.473484782094529,1.5420147226176173,27.672565558147884,1.0,18.082536594995624,18.082536594995624,1.0,2212.280728942074,23.44179309861348,23.226766688280307,2931.913447034873,101.21271050271302,0.3241534019315101,0.3340840179971516,96.74930570073532,6.082488571725732,6.171142128459799,6.273284411086196,6.091074923290996,4.322151582151272,0.1537197069994711,0.1448430174096993,6.22863046138071,0.2215426997245176,0.2215426997245176,17.50187327823689,0.2215426997245176,9.87285448488796,9.19122075601097,11.847213708983928,6.420780627746771,47.145581273461175,3.821138711443482,3.970769451445448,67.13308773872268,42.40898437499994,27.48730468749996,24.738574218749964,24.738574218749964,20.871773735182384,11.731463898646403,7.206048138923377,16.251947825757018,9.114112113714812,17.45596489034562,17.27029273033096,8.619909787658758,3.5300282901694056,0.3110367304551527,0.3181296526734032,4.656877090292839,12.461099729396336,0.0967438476922313,0.1012064759101001,21.686504234094297,7.755872573029956,0.3832585726224576,0.3536464072755467,7.738320648190458,0.1979503236023314,21.686504234094297,109.55528558599882,0.5214910496523458
piston_only,piston_only_trial11.csv,29.66253828143477,1.6120495546541536,1.961249247873042,19.480257701454057,1.1320941433937322,16.64706429522666,1.0,1.0,1819.2350017614367,23.52489971296106,24.977850692778176,2470.545572236025,102.07235696200604,0.3682165317349398,0.5719872915819305,56.67651191903193,5.678239931039096,7.4071820647648,5.917427808119575,5.699153331240775,2.4741476217672367,0.1615115555158012,0.3177346755405952,3.1651780905163536,0.1862436313107865,0.1862436313107865,0.3724872626215731,0.3724872626215731,7.830598866603829,10.659383177925156,5.92637384546887,6.544802460497589,30.435561682263064,4.503889234169953,5.591885516129421,57.70301454627058,38.48222656249887,24.73857421874927,23.16787109374932,23.95322265624929,17.023169035242688,12.513196915225192,11.59290869460304,12.223466286682628,11.512029990404564,15.883472781759387,13.391743776582803,12.732374293491684,2.836594155308969,0.3209694418975192,0.3969605321282822,3.594719703549813,8.046266401933007,0.1030213826320049,0.1575776640675689,12.922009747089255,5.366393159855573,0.4053482587793067,0.5397281632421831,5.323773271379284,0.2605990466995738,12.922009747089255,49.58579054967199,0.6749916303867748
piston_only,piston_only_trial12.csv,28.883036396245046,2.132218137538865,2.1217397719057915,20.720635233448625,1.0,1.0,1.0,1.0,1980.4407928801493,27.069920395691952,26.882525850576027,2691.102449253854,107.38727632516336,0.6649937997728685,0.6535943692415876,63.28560102316671,5.918422613723888,6.2433626504556,5.772884679461112,5.916414806222275,2.971897101337724,0.3935550681088263,0.3907463295289242,3.8181972251881775,0.1818634102216138,0.3637268204432276,0.3637268204432276,0.3637268204432276,7.943607614297555,6.453527411541824,5.238206644197909,6.115095402884942,36.34446831398135,6.061108181445299,6.053823723192308,62.38018991649261,60.8647460937482,30.23603515624911,33.37744140624901,34.94814453124897,26.86228170433706,18.104693141626967,18.86779561968044,19.244305493207552,16.089257312276914,13.84451899860126,16.255284165083484,16.65799094032474,3.4415285618403244,0.4003289855525232,0.4413914603922484,4.357979874014933,11.844118841962732,0.1602632966735123,0.1948264213072018,18.99198858231921,6.142692343843745,0.6210511927693529,0.6160807984024597,6.080082984377442,0.3550897179807141,18.99198858231921,53.48504228824422,0.8747914804114453
piston_only,piston_only_trial13.csv,28.240291996859103,1.5539578497667434,1.5912487694274922,15.34280150768022,1.229714345655945,18.08253659499557,16.647064295226855,18.08253659499557,1725.19117160247,23.24153480849562,24.554327338110447,2324.3710268938826,106.0526156129318,0.3667146558144997,0.3980166862984062,31.171374465768007,7.399483730824143,6.364196349440959,4.7409793021749405,7.494092952785703,1.3850077069485285,0.1727192158860352,0.2364294898656727,1.495494549237249,1.20811216825237,0.2013520280420616,0.2013520280420616,18.725738607911733,14.731501563620604,8.153242368788746,4.475776849362501,14.008796431708896,25.88099033111521,4.410440138026173,4.203474474056036,44.94169174972168,38.08955078124973,22.77519531249984,32.59208984374977,24.73857421874982,14.624805445348336,7.790059567484593,17.107138704553435,6.741591070272931,11.63747544413686,15.033335723349571,17.976653963643344,17.327188902108443,3.499457130472835,0.3359430499010274,0.4211382598350741,3.905934706352723,12.246200208017166,0.1128577327768041,0.1773574338969143,15.256325930290734,3.502988829721306,0.4006754532708915,0.4460008144108975,3.4513002181559385,0.2902151666737184,15.256325930290734,52.569016654608674,0.5995477840080957
piston_only,piston_only_trial14.csv,23.901596577223085,2.1389767621809344,1.568883207533372,15.223510859518166,1.1320941433937326,1.0,16.647064295226855,16.647064295226855,1738.4377332196352,26.787422456509443,25.000405082632163,2382.5489164071405,93.53651072557598,0.6524147727437549,0.4469361709438155,38.35163246516176,6.310045363258286,5.170303205059849,4.848154715662941,6.397997537762016,1.5696685169478333,0.4311520877952715,0.2743217815329864,2.0285730219180023,0.2051530612244883,0.2051530612244883,0.2051530612244883,0.2051530612244883,11.52690089693696,4.63169640224328,5.144427663956762,9.03731004209168,26.701700626474235,5.770486944531726,4.30344070583114,41.21290108558512,35.73349609374974,29.843359374999785,27.487304687499805,25.52392578124982,18.499564873371533,17.50764981518756,15.56914737948566,13.182433823842684,11.17447110672554,14.600056173038546,15.970296775383703,15.284601261772002,2.9162093638228117,0.4729242816550454,0.444652864628917,3.516969594729334,8.504277053647845,0.2236573761789407,0.1977161700227019,12.369075130250614,4.23513502651569,0.614146102474044,0.4721847853913897,4.163680437555323,0.4213735462016426,12.369075130250614,29.354180493171164,0.7746831008478058
piston_only,piston_only_trial15.csv,33.671758561663594,1.4799037486893707,1.5461526957803369,25.057378850193786,1.0,18.08253659499557,18.08253659499557,1.0,2052.362057359692,23.112158637314977,23.220714916240723,2781.9034412406363,114.34204691507722,0.3173418317203978,0.3070707544185654,85.2970545626161,5.488373273266695,5.896260443046599,6.847221379932387,5.501279790476816,3.775518637681694,0.1153356887723044,0.140047728167024,5.115477666713566,0.2013520280420616,18.9270906359538,18.9270906359538,0.2013520280420616,6.467565161402463,9.340001781232818,11.403503793922134,4.527732505432187,38.792039956322775,3.707110949371853,4.223371067664893,60.84511556242895,40.05292968749971,25.52392578124982,25.13124999999982,24.345898437499827,20.06595018057257,9.067698619151518,6.458652810588933,15.330223141157791,11.262029960171056,18.24308884031049,17.18002291849507,10.28472757777694,3.656875049014659,0.3631607182120682,0.305386230254897,4.857202800441391,13.372735124105963,0.1318857072523052,0.0932607496292969,23.592419044615685,7.070192419631535,0.3631757796496355,0.3427394157238773,7.052535281485685,0.2251464568816021,23.592419044615685,104.78698786284806,0.4993665527594588
servo_only,servo_only_trial01.csv,11.784531100935393,10.375332529366828,7.153254620668205,0.8845572012277098,1.0,10.56253911040656,10.56253911040656,10.56253911040656,724.1829591821065,781.8674172182762,504.4717775735643,6.4374135960158245,33.5973643714914,18.582192032216728,10.060245807437582,0.1333802953232237,5.427203959330878,4.819393772339777,7.0729570084982765,5.083789330542349,0.8156939376807243,0.8327025980389136,0.575569414248994,0.0699533093949224,1.7995524614619465,10.597364495275906,10.597364495275906,10.597364495275906,6.457051381618904,6.654353975188712,11.698002717854497,6.087749720792933,13.868211896545809,14.820701803701962,19.27856876722709,1.5347598796141106,20.41914062499985,17.277734374999877,30.628710937499783,29.45068359374979,14.426232486597716,6.06026781744928,17.451183019959693,15.302224100084368,7.132567871404881,10.197644485773978,14.174155096698485,13.297179898804574,1.830924915030381,1.4878340830392724,1.4578516629994354,0.1353730596236056,3.3522860444790084,2.213650258653313,2.125331471310219,0.0183258652718562,2.5644478514926785,1.996634636995242,1.5991643982973087,0.180322313080502,4.338981729963532,0.0183258652718562,0.004223540547613743,2.558100202578217
servo_only,servo_only_trial02.csv,11.977550445173147,10.220460105038406,7.182045606797549,0.8253315341537727,1.4509339109120212,9.724037707212467,10.134620298437424,10.134620298437424,685.6120036547833,784.2757522508994,508.9710613540456,6.716491414296146,31.134642502153344,19.93294387109937,9.968270072616466,0.1272420696160305,5.5374134229857015,5.494787395625012,6.834451479070518,6.807440183205157,0.8235973734193957,0.730060984513271,0.5295791114174212,0.0733342867622261,0.2112979506043074,10.14230162900676,10.14230162900676,10.14230162900676,7.021253222557164,6.196131293554805,10.57999523597187,10.10991234746262,14.099032298381765,15.87008032521631,15.017896305341472,2.2986250361951,24.73857421874982,17.670410156249872,41.2309570312497,36.12617187499974,14.5642123108827,6.454143346186982,19.603169487194425,17.68363514886713,9.400124280689775,9.60908952765606,15.457673474562531,15.391844372024227,2.181397121137861,2.2450789989337308,1.6963603719521403,0.2082815258745399,4.758493400108548,5.040379711453282,2.8776385115296046,0.0433811940206266,2.5551330069911407,1.985843415295139,1.5973760891763755,0.1830853436846173,7.918018222982886,0.0433811940206266,0.005478794415338436,2.548565172865602
servo_only,servo_only_trial03.csv,14.633694668844388,9.168455211638106,6.730697045335432,0.7671920464856917,1.335752314183731,8.95210028033207,11.473344285380136,11.008526138474949,771.0906713103134,805.2617989542885,519.9645133338435,6.653759212880723,38.42469779358965,20.388442775450848,7.666665827670343,0.1627991169088151,4.655493816498655,5.454855860530071,7.088530311255246,4.896589768421895,0.7821120299464001,0.969006233673142,0.5428348770046277,0.0683466622362222,1.987910112359492,9.2166741573031,9.2166741573031,9.2166741573031,4.689908669006656,7.175970197032463,9.294721069219904,6.4964936011000205,11.90889211309085,15.861100471032255,15.901722478464595,1.340903516492908,36.911523437498914,18.455761718749457,70.68164062499791,26.309277343749223,21.04273454770196,8.550591883976503,26.51415151699329,14.696735486256546,11.579187729667716,10.475190815033402,21.32440737850974,12.433311513950768,2.0174749014862585,2.0339044194619493,1.5894442565736304,0.196793982486528,4.070204978126989,4.136767187506849,2.5263330447549004,0.0387278715429078,2.563892670681372,1.9956535611240709,1.5994030575366038,0.181169396667965,6.663100232261749,0.0387278715429078,0.005812290104145988,2.5574837783424202
servo_only,servo_only_trial04.csv,12.459704427024528,7.359303617832094,6.07345832511672,0.6662526308993314,1.0422234676157642,12.988905870618936,9.724037707212467,8.241442684830592,775.8479566411476,802.2404014956498,506.0562050454005,6.3753739079705785,32.03271028064413,11.090547639450934,8.603160297951002,0.0989346415455977,5.707642007199422,6.670214012376949,6.281143157991316,6.203207490839224,1.0998623896411543,0.6066156918062942,0.5723136852388121,0.0506589603611196,0.1965298142717483,9.826490713587418,9.826490713587418,13.560557184750635,8.683666080942869,9.925250370220148,10.78997096603295,7.88499279045673,14.618485963478909,19.77150204329451,14.344939420346837,1.917034377048077,78.14248046874944,78.14248046874944,55.7599609374996,82.4619140624994,30.608027699808392,28.351556880372243,23.52555463098062,28.871819071743538,18.814720565987788,22.69017108411601,18.66252114582005,23.208209013475795,1.5925409060306197,1.4802734529354755,0.9747566124166834,0.1328470999285459,2.5361865373808268,2.191209495465516,0.9501504534500484,0.017648351959425,2.5627903244676093,1.9989899810668343,1.5936194714023575,0.1797506137582844,3.1413599489155644,0.017648351959425,0.005618061045668271,2.556478821355325
servo_only,servo_only_trial05.csv,13.642552964350422,7.489622538713616,6.860874432815138,0.7233870732458543,1.512197371912029,10.134620298437424,10.134620298437424,10.134620298437424,820.7060833872529,805.8711547757665,508.7069257052525,6.550959343618825,40.52773077912576,12.182059257568088,13.054307548693044,0.1079799616369131,5.3262694268000885,6.71017765007989,6.975470378238569,6.757193644691494,0.73440202494784,0.5902171776981822,0.6522400812534137,0.0636201006615534,2.054675523760844,12.12258559018898,12.12258559018898,10.684312723556388,6.023183576089224,8.592380058081387,11.578250298300135,10.350751442271342,13.650411896480788,21.32121920940212,16.136439335089463,1.814770937814293,74.60839843749946,73.82304687499948,27.487304687499805,67.54023437499951,30.178194037417278,27.227899843576505,15.040482209086738,26.25890745833015,16.875152344170953,21.740834480846782,12.81429388796689,20.705121548526037,1.9355845352635856,2.034499791638179,1.4029015981218265,0.1936379092083987,3.7464874931515513,4.139189402175794,1.9681328940127745,0.0374956398826,2.566710998043021,1.9996589554975115,1.5989358935777616,0.1810342989664892,6.107322296188569,0.0374956398826,0.006139456551359688,2.5603187165024424
servo_only,servo_only_trial06.csv,15.605156648772326,9.875490692988947,7.979180514412056,0.9329451698332047,1.3357523141837326,10.134620298437424,11.00852613847506,10.56253911040656,597.3526866864892,754.1984289325183,509.2634722397165,6.739985386691781,33.22858877476275,20.226670268404337,9.218456306245466,0.1842893434275698,5.761446102986431,6.9271675431006265,7.449828955466583,5.905115997696639,1.046231478992448,0.7199307732917128,0.5965720964708006,0.068356324348247,0.6218041237113358,10.156134020618484,12.228814432989603,10.363402061855597,10.837123445651844,12.519039576335013,11.115912114140636,8.651227331896747,14.686177606630654,19.127957438079477,17.314212297868885,1.6126603451050183,23.167871093749834,16.492382812499883,34.16279296874976,16.492382812499883,14.454695400116991,6.355110213296878,19.0505249382356,5.835843367694941,7.730842173477349,10.140808580595976,15.943741322486645,9.937272618586448,2.752762953195748,2.7813583853713606,2.174166068130189,0.2516363142474944,7.577703876486974,7.735954467875581,4.726998091808686,0.0633208346480637,2.5547682433974104,1.9857916913604925,1.5964810076121514,0.1863344528776536,12.462952559684268,0.0633208346480637,0.005080725000341962,2.5479639418843187
servo_only,servo_only_trial07.csv,14.664790866197094,9.877906340382308,7.490631307263373,0.7770595009749524,1.512197371912029,9.330088996611831,10.134620298437424,11.00852613847506,896.6787248572764,784.2782581647517,503.0553354470656,6.49767653163255,43.05792435799153,20.46983201380346,12.12175689756221,0.1306372673033576,8.782326892522201,8.510657413188028,9.37766820882971,8.405993333135624,0.8487226046516805,0.8271591948973787,0.6597606062340454,0.0829066953682557,0.5930678466076654,11.070599803343088,11.070599803343088,11.070599803343088,26.259274524237547,21.256363407446745,26.74134802496077,19.39408397432518,22.51085251470258,25.37409389570026,21.459752545777896,2.03648850140927,21.597167968749847,18.848437499999864,19.633789062499854,45.55039062499967,12.810986293400754,9.516557137682389,12.170988457881052,21.4805100444298,8.510744763839133,10.09458511129028,11.090036652716163,15.77505141635638,2.9094644009273467,2.510795963807367,1.9637485229299048,0.1939077765538981,8.464983100263526,6.304096371871365,3.8563082613093846,0.0376002258080764,2.5671088930727355,1.9984874542370357,1.6010674704563166,0.1807731152492208,10.16040463318075,0.0376002258080764,0.0037006622438328536,2.5607360562338743
servo_only,servo_only_trial08.csv,14.39242906776934,7.871090193104465,6.277034208054544,0.744644632446021,2.019921139034051,11.473344285380252,11.00852613847506,11.957788666258516,727.7208701920304,761.2351851656501,478.0038526197741,5.809358392640883,37.92419755978134,12.351140992320955,12.672892642353307,0.1456578251764926,6.8681153687757925,8.81797654994157,5.527004721615064,7.246983374913229,1.0476192612008892,0.6553846630763224,0.4856858479156233,0.0530563182249119,0.394215686274507,12.812009803921477,12.812009803921477,12.812009803921477,9.031907408866442,17.967107263359548,8.056654152949497,14.83795536826867,17.650838006117702,26.31227625915745,12.545422502297676,1.867477299313732,36.51884765624974,50.65517578124964,18.06308593749987,18.45576171874987,21.671635038906643,23.072524852770083,7.97538569445,6.568469499737751,9.52218288193036,18.67182951558102,10.971895142640038,10.886210530724831,2.322682178202428,2.1509363569872657,1.7825327284959074,0.1634966430295525,5.394852500939176,4.62652721180965,3.177422928159064,0.0267311522819329,2.572832357977524,1.9989217804830453,1.6097203376841815,0.1804951307171544,7.803950139968714,0.0267311522819329,0.003425336118567265,2.566493298265862
servo_only,servo_only_trial09.csv,12.878964621914664,8.86296984982671,7.231897414451452,0.8540297713025349,1.85957080170344,9.724037707212467,9.724037707212467,9.724037707212467,989.0742378439024,819.5562454674446,521.101529018107,6.544096857751002,38.48582204119343,16.45289706308227,11.735140670067471,0.1609037595213995,6.265073509998577,6.631639523828206,5.838697115178998,5.539296054109332,0.990010036941898,1.0995217174972498,0.8310077534022612,0.0886961361696952,0.4188541666666637,0.2094270833333318,0.2094270833333318,9.2147916666666,10.472416847918511,9.024461033354166,7.851963045477328,8.357938050191333,19.140596855507937,21.92716614475854,15.99816194270176,1.5748751971321957,54.18925781249961,47.12109374999967,32.19941406249977,19.241113281249863,24.667308348568973,22.357150853156188,18.17604773026463,6.895505662920561,15.654486344560326,15.882979669060518,12.921451049332466,10.314783745913578,2.2891407783947213,2.2817266660517665,1.6907906757830866,0.1678295299749926,5.240165503309592,5.20627657857171,2.858773109315027,0.0281667511316269,3.0597624268434744,2.408720033939591,1.8776331936429012,0.186299481887324,8.065049687886736,0.0281667511316269,0.003492446075556338,3.0540855606501243
servo_only,servo_only_trial10.csv,13.434098764938636,8.223683783642427,6.844757329483095,0.7673446142171791,1.85957080170344,11.00852613847506,10.56253911040656,11.00852613847506,856.5708996811896,766.2923523614032,515.6103350371029,6.589335987695477,34.2983875867646,12.688749732649482,7.445956546072679,0.1148854968242682,6.742003405581137,6.82285195699005,7.206713919560015,6.491965377495631,1.0481347135471666,0.681618963431961,0.5326586694455071,0.0619636337484111,0.6013459621136548,10.824227318045786,10.824227318045786,13.43005982053829,13.179135126769474,14.786935459938196,15.088315568660748,9.261290398920508,17.308542353634916,20.29325322077927,17.368154550355275,2.1314674797117803,69.11093749999951,55.7599609374996,69.11093749999951,47.12109374999967,28.390372080269447,23.609200841238835,26.13638592445315,21.52750836961988,16.83532103292717,18.477787367767792,21.31263087189278,17.293358255446464,2.078744913366259,1.7118172345407292,1.6027435906741023,0.1942825692665367,4.321180414846096,2.93031824447067,2.5687870174469154,0.0377457167208066,2.570614261693901,1.9992846296364732,1.6054319492244105,0.1830489238781263,5.4991052619175855,0.0377457167208066,0.006863974214533283,2.5640886829224803
servo_only,servo_only_trial11.csv,13.453594366239953,8.722174414675743,6.758725194902429,0.7595512481066823,1.85957080170344,10.56253911040656,11.473344285380252,11.473344285380252,874.1659802758792,773.4718520035875,508.2806343372093,6.623465983069083,38.56671004770767,18.620824201806183,9.625316420668083,0.1130239039987173,6.398805755910966,6.559104219755937,7.545054596523394,8.197505812025168,1.1000762268521145,0.6920053391593688,0.4829759286716644,0.0559700178919905,0.2105235602094226,10.736701570680552,10.947225130889974,10.947225130889974,13.931749169800424,13.712754794263931,21.97400798989972,21.30518007654566,16.41589561064693,18.71596761401877,17.098955006513396,1.972618505119014,29.45068359374979,21.98984374999984,46.72841796874967,55.3672851562496,18.287185052399398,12.247134087168249,21.439624692052163,23.47040854945181,10.56172136772664,11.146565534139228,17.33504574098264,18.93153312850867,1.3076645920669292,1.1170893592967257,0.8677303599540621,0.1306569045694988,1.7099866853455683,1.2478886366539683,0.7529559775860062,0.0170712267116831,2.573631742090176,2.0074219364582317,1.6001659656444096,0.1825003981192712,2.0008446142399743,0.0170712267116831,0.008532010227174812,2.567152887652082
servo_only,servo_only_trial12.csv,12.474041510294024,8.249212779629392,6.727606741216582,0.7877922848326171,1.642593782994863,11.00852613847506,10.56253911040656,9.724037707212467,804.5967405771462,803.5768093950217,511.7203673814643,6.440710406702433,34.70987335030304,12.615394453480086,9.555837200014372,0.1702661388203003,5.804569959474447,7.297542254404292,4.870200221407506,5.749135806325646,0.8332866960701559,0.6416649322103284,0.4742796425021057,0.0553002002191389,3.420308346624112,13.46746411483244,13.253694843168434,10.260925039872337,7.095975458514616,12.534559414472106,6.098009276724817,8.683044443811555,14.80596416620283,21.0237063315393,15.058165251636236,1.5374009251995044,73.82304687499948,67.54023437499951,55.3672851562496,20.026464843749856,29.48658988867297,25.728622982547027,23.26817143929664,8.709249262825328,16.366095010233845,20.734731850948943,17.734867359279427,9.81833320200451,2.3784259206345517,2.31678515273663,1.7878792288705347,0.2160407604825439,5.656909859946312,5.367493443940889,3.1965121370266982,0.0466736101898759,2.567317972675049,1.999364384606842,1.6002494731752146,0.1812877656889051,8.564005580967587,0.0466736101898759,0.005449974284650405,2.5609092757908956
servo_only,servo_only_trial13.csv,12.592271059457534,9.420098204701503,7.710861205193411,0.8693207549112982,1.1320941433937326,10.134620298437424,9.724037707212467,10.134620298437424,736.8268329546024,800.0909205838519,510.382416803312,6.656772336490382,35.0273502702797,20.93005585766248,12.39682792474361,0.1031903602439692,4.094991498534548,4.737324043263309,4.541755486838163,6.447561269931147,0.7898711219336656,0.8942950945819305,0.7007692396123735,0.0694302421724522,0.6588203167667894,10.101911523757437,10.101911523757437,9.223484434735052,4.592988130397852,5.910437671196403,6.178895023304804,10.39357368981475,10.4757445568286,16.742436456930037,10.880703468377648,1.9534457888577208,22.77519531249984,18.45576171874987,20.41914062499985,69.8962890624995,11.559773218859704,8.998503725777729,11.50273620127387,26.226125413433927,8.449607473121224,10.95414318280142,11.593253055656096,21.2235344084048,2.258691661746622,2.373997085705513,1.6863250609741265,0.1687059560157477,5.1016880228437165,5.635862162938269,2.8436922112693903,0.0284616995951873,2.5643493710289094,1.998730990261912,1.5963026282157071,0.1810526012368358,8.479554374207659,0.0284616995951873,0.0033565088846837896,2.557949892449369
servo_only,servo_only_trial14.csv,10.588498614176943,9.405636323344694,6.856119262784452,0.7743690189602557,2.105209213834446,9.724037707212377,10.134620298437325,11.957788666258388,693.6221507995224,811.208118737583,519.068641444914,6.509925945840396,31.740095250454235,19.788219913640106,8.090775706311598,0.0961583299895555,5.392708172049489,6.726239125915436,5.6882191457023685,5.152307483862426,0.742310172688913,0.9721761796230038,0.7146114314335258,0.0697902854576995,2.8079608938546654,10.108659217876797,10.108659217876797,12.91662011173146,6.561256571961007,6.759823370950857,6.911497970031778,6.037273129770913,14.426783900226985,22.108214164953544,13.201648826434033,1.4412307446023558,50.65517578124851,19.241113281249437,68.71826171874797,73.03769531249785,24.331031104804165,6.379231491512613,26.145765283686337,26.93292853549104,13.386913181841866,10.161070127624551,20.55668506736413,21.57903255519259,1.678037112619886,1.7976385025653163,1.6330884034071125,0.1839729444044895,2.815808551329684,3.2315041859052736,2.6669777333427915,0.0338460442728573,2.680832464589378,2.1376357624893045,1.607517479745315,0.1823831199327414,5.898481919248065,0.0338460442728573,0.005738094095433283,2.6746213004386172
servo_only,servo_only_trial15.csv,13.29402645840323,8.984957245140977,7.16643845420638,0.8361422917425567,3.1834918404854324,11.008526138474949,11.957788666258388,11.473344285380136,747.346059124011,803.4301634222312,519.454554900177,6.6615189737974045,34.47845363328729,17.559791664021265,7.533397154104105,0.1181621557992522,5.596185448133504,7.162915351179186,7.312896534278797,6.016581615969087,0.7811353072588646,0.8083027230567056,0.6190983526354432,0.0703487383953204,3.3405771753387734,8.615172715347363,12.307389593353376,12.307389593353376,6.740653818164194,9.032583813532389,9.026772906332218,7.49607537990229,14.599490314003749,21.564036209474526,18.4117798665589,2.1664010924850867,62.82812499999815,27.879980468749174,68.32558593749799,52.618554687498445,27.076206646919346,16.216186220177676,26.730484692105755,22.987450246188335,13.92794687877642,13.441126453559216,21.4499068802771,17.91822659049468,2.146803350736619,2.144845307412142,1.7570628794010914,0.1882065165222028,4.608764626733976,4.600361392727887,3.087269962169254,0.0354216928614222,2.6131120125268343,2.0242287116626043,1.642448628585203,0.1822498706484631,7.687631354897141,0.0354216928614222,0.004607621154838289,2.6067488131119694
both_simultaneous,both_simultaneous_trial01.csv,22.64726638587799,9.295677776392305,7.386100597090685,18.559678572075853,1.2816371495063894,11.473344285380252,11.473344285380252,1.0,2104.846322566749,835.3644580283574,531.4817462844098,2484.249786746111,98.0876988783996,13.10411667150596,10.6345419574266,55.558027963202,4.799121646445295,6.311051466750338,7.066316197904508,5.30976470702226,1.9054880695233924,0.6199540735965925,0.5266976539445066,3.6538540449165526,0.8407736539466747,11.981024568740114,11.560637741766778,0.2101934134866686,4.566082281024498,8.408269805048496,7.979983551524173,4.548049471946355,28.660199457723888,21.9854599813985,16.310721135772724,49.193716524754464,43.587011718749686,67.14755859374952,41.6236328124997,23.560546874999837,23.316985192546767,25.946698220384405,20.473980943331902,13.44796487519607,14.956783698900916,20.379134907509204,16.09426070113282,12.581914011428296,3.4092753962185136,2.4463206737577763,1.98894679830899,4.043245792744791,11.623158727260904,5.9844848388547,3.9559093665035823,16.347836540548457,6.009894378141289,2.060512514207536,1.700131079261677,5.383555788559912,9.940394205358281,16.347836540548457,1.6445863416298219,2.6713587381475623
both_simultaneous,both_simultaneous_trial02.csv,26.61925342970056,9.291260280814736,7.205421627241867,14.776508680473194,1.0862297564490278,11.00852613847506,11.473344285380252,16.647064295226855,2172.982585456185,810.7797477635374,520.5662544548795,2324.0660705045952,115.87550072431728,16.121601828343746,10.768547274244176,33.124730348783444,5.100690234691784,8.531309618484991,6.252209915491257,6.472909199865093,1.2778616828727984,0.7318743797707467,0.549719688441344,1.2512741724749772,1.3650339476236568,10.725266731328732,0.1950048496605224,16.38040737148388,6.322940768526991,19.391464953339245,8.936736083471716,11.708692128089467,21.99577702043095,26.166674988458272,18.60829073055419,37.5895072132411,37.30419921874973,46.33574218749967,40.83828124999971,24.345898437499827,16.512311479589908,20.59339101450195,20.286761350524092,7.705418348928246,11.178712619764964,16.409286107499796,15.1716979025709,17.1165380598604,3.380662579354329,1.489272666139699,1.2167736912605294,3.399372468346024,11.428879475446667,2.217933074110848,1.480538215743774,11.555733178548936,4.327044438834337,2.0349570280516547,1.719550580041099,3.409605442321832,3.698471289854622,11.555733178548936,3.124462047399904,2.664189239400329
both_simultaneous,both_simultaneous_trial03.csv,28.033672337136057,8.268323333130127,6.495197655263735,14.76745002382309,1.1320941433937322,8.95210028033207,8.95210028033207,17.349961075393697,2206.2091604747725,842.7811187560791,528.667529565097,2387.461612747905,110.89883869827504,16.47205399331232,10.411490721209136,45.58799355537438,5.550985532961087,6.312823582445551,8.04493487808231,6.385052869303521,1.8674654793960972,0.632064742981475,0.5013955060291772,2.329387475224035,0.7467038068709158,8.400417827297803,8.58709377901553,0.3733519034354579,6.362889165969447,11.47215006173012,14.85269571311224,7.306828673870273,29.156243216760476,25.39402463468293,18.323645183204604,49.7867807310568,41.62363281249877,50.65517578124851,57.7233398437483,23.560546874999304,20.518650104410717,22.745933728604506,24.4847032892859,9.21072089428832,13.342201148347094,17.157409250806833,18.180355460913,14.100234007803998,3.1563133249688486,2.086038022216721,1.7377262074087925,3.372412502444889,9.962313805375908,4.351554630133849,3.0196923719153457,11.3731660866466,5.277847402555127,2.061068241997326,1.6244015825375042,4.579191020817718,7.371247002049195,11.3731660866466,1.5429093725233842,2.624248997240981
both_simultaneous,both_simultaneous_trial04.csv,35.21758987415996,9.557153302044537,8.241555555608851,15.4872224703725,1.1320941433937326,11.00852613847506,11.473344285380252,18.84604399332524,1881.5636363134504,808.165404837946,553.8527000348064,2445.1552631727227,120.92266860053306,18.30069672183397,10.44512266415242,35.506836943787306,6.034444706360164,5.831549803367947,5.129533364717774,7.068226607462341,2.063305216800172,0.7760155736461981,0.7049348924440878,2.066617652207632,0.6154591836734651,11.07826530612237,11.07826530612237,0.2051530612244883,7.607766163614498,8.71446692596409,6.918668881781191,9.467568226038049,29.88036890012752,17.606183782496498,16.495669309746372,53.24424932836162,40.83828124999971,22.77519531249984,38.87490234374973,30.628710937499783,21.045927477529226,12.988857685588904,19.61500902366012,16.805784041879267,11.538822896854228,12.089461910573531,15.593889667464593,16.060090425619954,2.649737668953841,1.8177134120671457,1.3189096537833185,2.705336835155396,7.021109714272936,3.304082048408785,1.739522674842833,7.318847391648614,4.969277418885293,2.031224225354065,1.679067235718245,4.212906292586572,5.043604723251618,7.318847391648614,1.4511143900527843,2.6353630937173973
both_simultaneous,both_simultaneous_trial05.csv,26.678075465871665,7.925819119096313,6.751320094133837,27.49970411078637,1.1798950837953142,11.00852613847506,10.134620298437424,1.0,2431.173934830932,784.0076831675782,529.0789019325805,2985.267016089253,128.70532132762736,16.041385953942058,11.628170534702484,97.1675239581548,5.049280757901423,5.240147813852622,5.2411824532065285,5.3250572437055865,3.730057802258527,0.6623262859799992,0.5962143956554911,6.13459302170949,0.2194868995633172,13.60818777292567,10.096397379912592,0.2194868995633172,5.691668391200018,6.430150222795572,6.6727809862717695,3.910720068177504,40.95906336810229,20.10650559106673,15.139581986927176,65.34478676550046,51.83320312499963,39.660253906249714,32.19941406249977,26.701953124999807,23.942058459511426,19.74633266705909,17.432511141496892,17.267613636111907,12.546945222913358,15.566426958190236,14.194752206849714,10.841200973610553,3.816838300096092,2.0587011475469583,1.7056398079992003,5.0673643414024125,14.568254609080425,4.238250414911162,2.9092071546315488,25.678181368516704,8.139121373858105,2.055119112327684,1.6715248642378049,7.695959121563348,7.147457569542711,25.678181368516704,3.5926315222826255,2.6490583114797115
both_simultaneous,both_simultaneous_trial06.csv,26.282937294121112,8.21318144556632,6.6442794167672,24.236350815733637,1.1798950837953142,13.537342517011222,12.988905870618936,1.0,2474.310569990746,789.7065835012802,532.8832211202202,2912.235599576969,131.4168545934062,12.2321212330811,7.644971805308632,85.87595260602382,5.743679932171256,7.463603638690109,7.158182481157921,6.110589681280076,4.330666560181211,0.683455018645418,0.6801240847023337,4.821679438908579,0.1922084130019106,13.070172084129926,13.070172084129926,0.1922084130019106,7.482443416387595,13.152920374490044,9.437282047451143,5.767344907946159,43.35126927273207,20.736381062204728,17.76975844400946,61.09744783931989,47.51376953124966,53.79658203124961,63.22080078124955,26.30927734374981,23.58267667498053,22.372752849234143,24.77984413856622,16.47132738630274,11.8096362714359,18.83353477882254,20.333544065764805,10.992735026440004,3.2929815796756565,1.7260187001726532,1.431695866094788,4.138500214957938,10.843727684083182,2.979140553345696,2.0497530529929056,17.127184029206898,7.560697410990288,2.004110787094348,1.6279254981529914,7.106162386694428,5.028893606338602,17.127184029206898,3.40575589183656,2.5819762730289746
both_simultaneous,both_simultaneous_trial07.csv,29.103068460947377,7.478315597653642,6.892749868255504,21.820830230080425,1.1798950837953142,10.56253911040656,11.473344285380252,1.0,2019.500867831899,792.6236078274945,513.427555729714,2731.863059186565,108.36234043832584,23.126923349206677,12.046087190470068,71.39269670406503,4.872177663733372,3.981629508486777,5.487551940410916,5.236310182541724,3.197995036397279,0.6731383093483251,0.5124269871416457,4.582198301768655,0.2052577845839699,13.341755997958048,10.673404798366438,0.2052577845839699,5.566138130361564,2.7154265350643154,5.2590335669757575,3.9263577715189975,33.58716154419801,12.199073248995704,13.158513358536965,58.096969254428735,53.01123046874962,19.241113281249863,22.77519531249984,28.665332031249797,24.346300859171745,8.281359288566092,14.220023139350042,17.76296899346923,16.215156121042185,10.243623465419525,12.506264995543775,12.822332813651292,3.311607425430902,2.1933854142420173,1.8017464850032447,4.772265913813378,10.966743740169088,4.810939575409625,3.2462903962215472,22.774521952145037,6.929453627464108,2.0420545283367746,1.6176104028436042,6.421111855674756,8.057229971631173,22.774521952145037,2.8265945036113163,2.6051199803633946
both_simultaneous,both_simultaneous_trial08.csv,23.536722945542834,8.912254989405982,6.647872525588332,18.659575485848777,1.1798950837953142,10.56253911040656,11.957788666258516,1.0,1926.027106164536,833.1093601417595,537.7934433443969,2553.1005728749005,93.4968526620736,18.51699313842194,7.971947335607314,55.28090985030468,4.265611453179245,3.752047647288258,5.932012255485821,4.682313053587596,2.3390545828158067,0.8990826419358995,0.7050913270520706,4.05666028768138,0.2165320409262235,11.259666128163625,11.259666128163625,0.2165320409262235,3.528226679744562,2.2812683873879074,6.496358607814429,3.3433491644257805,26.556725290495983,13.04043195336696,14.120996701916756,51.55255662540742,62.04277343749956,25.52392578124982,71.85966796874949,33.77011718749976,27.64289036104556,13.90679530548693,27.00332472812536,18.804966567297843,17.731358925395774,13.047827233714385,21.87704481166143,16.260196255816894,3.432470035819779,1.8211182784601376,1.5699655414188705,4.498757424793656,11.781850546800635,3.316471784141615,2.4647918012426477,20.23881836713604,6.272303096195978,2.0649935701607225,1.6679862765866271,5.682905020045928,5.781263585384263,20.23881836713604,3.5007603559717,2.65450120807779
both_simultaneous,both_simultaneous_trial09.csv,32.281083951524,9.531171612959694,6.7360909264473605,31.16650732334527,1.0,8.58942497314071,11.00852613847506,1.0,2507.195897836977,797.784580279301,503.8820163523666,3101.8913165732106,130.0107008164077,18.86172979300094,10.25471597282546,116.0953136230704,5.607996527022699,4.376823575052597,4.924089339527008,5.857367950970602,4.137029037166786,0.7149694313041358,0.520369840194716,6.199191295225261,0.1981764415968443,8.125234105470616,11.89058649581066,0.1981764415968443,9.343366527823497,4.573252909077099,6.493815991950925,6.179558281974874,49.1094567780581,13.982286790340009,12.122560542159178,79.90436268576318,41.2309570312497,18.06308593749987,38.08955078124973,23.953222656249828,20.75358822923644,8.228470616214045,19.11337151230374,15.618665259134376,9.604084837372698,9.635172092930354,15.025022895667616,7.697283167266078,3.866054784364653,1.6595520420321832,1.273644184460502,5.258837583080794,14.946379595708828,2.7541129802131894,1.6221695086100572,27.65537272522305,8.784719234866367,2.063067720323133,1.6412320836824768,8.379821052044198,4.3762824888232466,27.65537272522305,6.319375587808409,2.6362646246437427
both_simultaneous,both_simultaneous_trial10.csv,22.13279590429126,8.908933135289567,7.089728118085337,15.23694686633339,2.1940984468992,10.56253911040656,11.473344285380252,18.08253659499557,2056.4152552929404,791.2182055969996,535.3734992634903,2408.9174605919147,99.50213447266572,20.17447178261074,10.41917787860415,32.7924253091735,4.59870989009552,5.179212831425069,6.274989689311757,5.377500249094293,1.2311592862077951,0.7423031200169783,0.612806995145576,1.4721033140611073,2.333268858800757,11.083027079303596,11.083027079303596,0.1944390715667297,4.317582564859539,7.773191818060933,8.47171970947476,6.8623353887811565,21.451983519431888,16.507446688740018,19.077018899573115,36.62895249790779,47.51376953124966,23.167871093749834,41.2309570312497,32.19941406249977,23.189292647929516,12.328052883539494,19.999830369085416,15.77298274013592,14.31140939582438,11.880299751829234,16.228539080182646,19.11357550791536,3.37102769839852,1.9742452737251104,1.5848166095552845,3.618921900257877,11.36382774337002,3.897644400825936,2.5116436859223072,13.096595720166082,4.6914179912673895,2.014321079124649,1.6779087745712813,3.890570074320492,6.409288086748243,13.096595720166082,2.043377601834504,2.6216153923848533
both_simultaneous,both_simultaneous_trial11.csv,32.66859821163898,9.351805934372983,7.227331876832276,16.10677273028943,1.1320941433937326,11.957788666258516,11.957788666258516,17.34996107539391,2155.243108197763,834.4766523945101,537.3944000829379,2317.196050135855,128.5846884603997,11.871871823453269,10.627078550993454,30.730269999547907,5.2082334155510965,6.256499142926315,5.146923632464595,6.529415849110967,1.6127570228056078,1.0587456394245434,0.614026185817766,1.6244217161321888,1.176304241833244,11.763042418332438,11.763042418332438,18.23271574841528,5.991075774344548,9.02132354403436,6.992794909508165,12.435231606752282,22.365830643916865,18.904934450869504,16.755419602425427,40.15463939870983,40.05292968749971,64.00615234374955,41.2309570312497,23.560546874999837,21.413890273630614,24.890557674085155,20.082442797488117,5.707335737528224,13.218520422360273,20.71849263801252,16.416785400233547,17.256481194202514,3.3943350114742747,1.9753678755602968,1.6259349629743316,3.31666877157883,11.521510170120065,3.9020782437956014,2.6436645038223414,11.000291740366226,4.304513770954654,2.048277395227352,1.6353170437565174,3.414547800652138,6.545742747617943,11.000291740366226,1.6805261319457345,2.6210116599130004
both_simultaneous,both_simultaneous_trial12.csv,28.123599433012103,8.971011566316307,6.554563261270251,24.205709270406363,1.1320941433937328,8.589424973140728,11.008526138475082,1.0,2174.932819402479,792.3731382877554,528.687409928059,2623.108484749278,113.96885943940144,18.49883431230004,14.196023045292732,75.30720476990136,4.969416824902436,5.094685791093146,3.642610865809405,5.358913421332576,3.642637968762536,0.8184313051782648,0.6002900609475527,5.144903748422046,0.2252661064425767,0.2252661064425767,10.587507002801104,0.2252661064425767,4.672112232917264,6.8028912915968895,3.221800741923163,3.947444582108763,35.39422637413216,15.663719645280992,12.471842396315646,54.96407169789976,38.874902343749945,20.811816406249967,26.70195312499996,23.953222656249963,19.0480889958556,12.571564682802205,14.958235283158142,13.965410039972811,11.66995265455537,10.598648501285764,12.149863902759716,11.272359924383972,3.4822627955474603,1.6066757533658629,1.4513692312509971,4.5663806114230026,12.126154177254014,2.5814069764537626,2.1064726454221105,20.85183188837992,7.133058181565517,2.1672297460650136,1.7932662034477576,6.554985169544003,4.687879621875873,20.85183188837992,4.448030574649436,2.812950132628902
both_simultaneous,both_simultaneous_trial13.csv,23.97275749563116,8.649325598122022,7.142914863955595,15.354236682065531,1.229714345655945,10.56253911040656,10.56253911040656,17.34996107539391,1964.449608857908,835.4513973352093,540.9622851605817,2322.3811650724824,92.7549184200356,14.880663492683912,10.105792890264128,30.704888096009324,4.700158983784064,6.494577987936042,6.505974510983644,5.940776802354803,1.5089935857921577,0.6426940282823091,0.5973188313206738,1.1633391765066474,1.2129713423830983,11.523227752639436,10.916742081447886,19.60970336852676,4.367038888807548,8.506013306211901,15.417672570319006,9.376808025763095,20.76276727045939,23.781799987221277,16.246455358486184,37.37608199851111,40.83828124999971,56.9379882812496,49.47714843749964,25.13124999999982,21.84997429951244,24.01951012277935,22.14694550829421,9.200260594775704,13.316802181701908,18.08677078790304,16.939155443725316,17.951637535024066,3.555167089067845,1.964737136908252,1.8917264127735416,3.476700247681069,12.639213031191138,3.860192017146436,3.5786288207850525,12.087444612225609,4.431112965508474,2.1256351801115394,1.690339587470047,3.501312507217984,7.438820837931488,12.087444612225609,1.624914065760288,2.7158005891258337
both_simultaneous,both_simultaneous_trial14.csv,28.179573720796828,9.65417509893248,7.591650369794173,15.310245880806711,1.1320941433937326,9.330088996611831,10.134620298437424,18.84604399332524,2203.743621025988,821.8482587691462,549.5935570612443,2352.511581809867,111.75096361659608,21.428255853520604,13.044970670189974,30.46841220830929,5.451729084500425,6.533451601903261,5.105702712647948,6.735182932028904,1.7647248020231907,0.8142216030275761,0.584917172761866,1.2271204090136354,1.208717434869731,8.058116232464872,8.058116232464872,0.2014529058116218,6.521920885798707,7.627749952177275,8.329109746052339,10.367845144936018,25.01252475115155,20.556070274130494,14.168412450330257,44.614601444411576,37.69687499999973,20.81181640624985,21.20449218749985,28.2726562499998,16.756789873853727,11.653074855213378,12.925351361069843,13.349642392807237,11.93120482544612,10.897289682142594,11.933814933508051,17.501795440037974,3.195672309556687,2.6161003214422305,2.2566190696228743,2.747799617703921,10.21232151006737,6.843980891850141,5.092329625385608,7.550402739053815,4.610988514125986,2.1036796356193377,1.706850941944444,3.7312741697797582,11.936310517235748,7.550402739053815,0.6325574999201984,2.709023467476084
both_simultaneous,both_simultaneous_trial15.csv,29.32488954702079,7.666745721507223,6.328559468285319,23.299928005946757,1.0,11.473344285380252,11.957788666258516,1.0,2146.8097778492006,815.1601063410799,509.0085974103185,2712.9599424459543,101.04043976567306,15.825765995392745,12.968615245563504,77.13364122798355,5.190277573041729,5.143295799901808,5.086359325930966,5.553901992298441,2.904976941422859,0.8026529518752126,0.6181690072971656,4.575038138508264,0.5954096742349415,11.908193484698833,11.908193484698833,0.1984698914116471,5.735899859198913,7.866773826507078,6.406684691760116,4.7063630051083205,36.45141004046253,16.830798610203736,13.36434714842835,61.413009956740765,41.6236328124997,54.18925781249961,23.560546874999837,24.73857421874982,19.725670164807088,23.00375791559888,14.3448063341485,14.879913210160373,10.699491434072703,18.484289956340906,13.048039328945537,10.61666103137523,3.639317697464662,1.550758253668543,1.4048792456738015,4.447778136481202,13.24463330307949,2.404851161321109,1.97368569492499,19.7827303513602,7.069393874892953,2.0283780211316507,1.6241403381641617,6.5745099074921205,4.378536856246099,19.7827303513602,4.518114384064076,2.598489798837384
both_alternating,both_alternating_trial01.csv,18.03892745603413,5.559023859004093,4.609901475027631,10.289962466699608,1.281637149506388,14.108936060381591,12.462687968764298,18.846043993325,1148.7040176592934,463.4385781180012,320.5014672789167,1172.9741952196084,54.70323309629124,10.441654517516074,5.973462077000847,18.283164791934745,5.5454415472383705,5.477222633672417,6.004014814793391,6.833415151177573,1.225816904632143,0.4618567754909221,0.388516416839425,1.2425857189445697,1.2627635711080831,12.808030506953417,12.808030506953417,0.3607895917451666,7.617344200998959,5.588493101380788,12.333960054678744,13.802834625063248,19.484482228574585,16.234920220323264,11.506521920959758,36.24702997952485,42.01630859374876,41.23095703124879,47.90644531249859,25.916601562499235,21.219176744973733,20.439980917096044,21.867738780203428,9.808392420986385,12.974251619624296,16.075464744465503,17.268789347856423,17.09974290163262,2.265865896396713,1.628875699642126,1.2256233541340158,2.1477116900447677,5.13414826045368,2.653236044884625,1.502152606198715,4.6126655035549495,3.540026418825883,1.620602474662801,1.302349322628144,2.8651912513743345,4.15538865108334,4.6126655035549495,1.1100443041236092,2.0790541452865483
both_alternating,both_alternating_trial02.csv,24.476448385943883,6.684574753728461,4.999638553957357,22.783271714754928,1.0,11.473344285380252,11.473344285380252,1.0,1574.4895624500273,433.8823522665647,265.15286250998867,1584.7452150589113,77.2730507522539,8.866046608340657,6.409040673369057,60.85558820276712,6.064982954247103,6.169203498482348,6.2496485536899575,6.34915296729311,3.579934665395948,0.613388694720238,0.4387377709997445,4.5103983021821525,0.1992566897918717,0.3985133795837434,11.955401387512303,0.1992566897918717,9.78153734960672,14.256552169269185,14.099452709884943,7.565491544905051,38.59428747599645,15.11994629555936,10.500336830733788,54.920860812988906,34.16279296874976,38.08955078124973,20.41914062499985,20.41914062499985,16.73703175349624,19.692032330090505,8.267242874011254,11.82495978455195,7.479636428759332,14.709128750025616,11.005763885856163,4.412751172939252,2.699776348822925,1.6751958280897388,1.3340089967492472,3.438646030182247,7.288792333663644,2.8062810624492656,1.779580003407933,11.824286520888126,6.3826942667372375,1.631680494261712,1.1916684167789868,6.054447229247086,4.585861065857198,11.824286520888126,2.578422318312844,2.020508562442308
both_alternating,both_alternating_trial03.csv,17.05452241862948,3.674413566002887,3.699804462840622,12.141402916535968,1.938088329228386,11.957788666258516,11.957788666258516,16.647064295226855,1259.0583815673103,254.9614285182309,191.44876877949412,1425.9247890422578,52.02834958736381,3.356696433951566,3.570354948451852,29.53018972206165,5.753088899387442,13.42096093998054,8.745946652383502,6.20730930000224,1.75111302331077,0.2885641224740136,0.2763493417797212,2.1760024009320538,0.4043237807943661,0.202161890397183,13.949170437405632,0.202161890397183,7.508305072263887,50.09857238460956,40.27707925524777,7.266171172346873,22.94521323655338,24.251909545942624,12.592735643910554,39.04123805054336,35.340820312499744,108.37851562499922,54.97460937499961,20.81181640624985,18.35473137590601,32.90531044752368,23.737742251605034,8.94302480441375,11.61014124204094,30.34222552436441,18.51626598605884,13.057472419924506,2.744170335809937,0.8905539606541173,0.5930951779354107,3.150814122450017,7.530470831939224,0.793086356836735,0.3517618900902364,9.927629634230469,3.996363223263422,1.1691438488311563,1.005072113974938,3.686984095260329,1.1448482469269714,9.927629634230469,8.671568184585551,1.5417740734458405
both_alternating,both_alternating_trial04.csv,16.643654217329907,5.575576055491598,5.6151914503011495,10.56214813657044,1.0,10.56253911040656,11.00852613847506,18.08253659499557,1195.8504653510588,301.9657790121218,300.31024285590564,1199.866598671363,51.490613439686285,7.436407784692976,7.4730355713998495,15.919898813212702,7.286208098023908,7.777187795454802,7.072373549709098,8.875037016542798,1.0633997638317705,0.4078651984127007,0.563622092464132,1.0781921681472015,0.9884464110127756,0.5930678466076654,0.1976892822025551,0.1976892822025551,10.874475945947133,20.896278731195324,16.598326263816183,16.935893204398656,24.33280614323698,15.603099078425007,14.905977630398846,37.66906148173219,38.482226562499726,27.8799804687498,21.98984374999984,25.91660156249981,17.094670266240733,15.836939495883955,11.252449246675797,11.276772585591251,10.813749414521295,12.412938257582535,11.041413787328992,16.849861567422995,2.4453185380176485,1.364634625516512,1.2987338632503616,2.239294377924964,5.979582752372771,1.8622276611585908,1.6867096475532086,5.014439311006352,3.3486683052029225,1.3133032913223994,1.3994174597244968,2.7441655665594595,3.5489373087117997,5.014439311006352,1.4129410792061872,1.919149489117513
both_alternating,both_alternating_trial05.csv,19.554098743516303,3.3411812447647105,2.125502810704757,18.14726601945311,1.0,9.724037707212467,9.330088996611831,1.0,1255.891597649068,160.79201371219014,83.96962733844938,1444.3251764928912,60.0330280922317,3.3079404174408293,2.1162733258128243,44.16991100450556,7.167794297279306,13.391673673607256,11.17843276445438,7.338009997820698,2.7802041830625708,0.197050307697897,0.1532092940925666,3.565608787438977,0.1926689027311917,8.092093914710052,1.7340201245807254,0.1926689027311917,13.473145513095552,86.00605910172446,56.604041957119925,9.67777814128252,37.74746168879915,16.607841689283,10.464739054724536,52.93174894086455,35.340820312499744,45.94306640624967,29.058007812499792,21.597167968749847,17.584600155153318,21.630681933532117,15.717323611235177,12.259712773658425,8.225669121645598,16.30574855016481,14.867336811081175,8.676244974709743,2.3619718089521533,0.8340496524030726,0.4555982837519087,2.872987979942,5.578910826284708,0.6956388226736863,0.2075697961576847,8.254059932891213,5.268411455608828,0.9113131562681864,0.7223962422045368,5.138463901405905,0.9032086188313709,8.254059932891213,9.138597396879188,1.1629049830225682
both_alternating,both_alternating_trial06.csv,16.374662632095873,6.855809818072477,5.155949725549337,12.255794904363752,1.3357523141837326,9.724037707212467,9.724037707212467,17.34996107539391,1404.5057838719274,478.2600780953151,253.4894548246299,1485.6542725264271,58.24221899804843,12.293345678411828,6.345366543352272,27.12959352526407,5.962034097604278,8.857189611535315,7.24664272772449,6.77893248970339,1.6545826449403591,0.5397589866504471,0.4093181323120932,1.8376366094393084,0.5945293247905329,9.512469196648526,9.512469196648526,0.1981764415968443,10.361688837277196,23.982176183106056,19.16831169587968,12.846330820585235,24.265290315841412,21.59979672800896,12.34599792044677,47.86279232753605,34.555468749999754,18.848437499999864,18.06308593749987,21.597167968749847,13.058867409480522,9.032884204180698,6.821850115767784,8.80216100848699,9.538282103167198,10.516633418490605,9.824004918745748,13.596582724079235,3.0827623034946456,1.7146188197033243,1.4291097593715791,3.018305477360057,9.503423419847614,2.9399176968808214,2.042354704331093,9.11016795466172,4.085524769171627,1.6077747260998616,1.2073039106830017,3.556541907088812,4.982272401211914,9.11016795466172,1.8285166327810003,2.0106024725529297
both_alternating,both_alternating_trial07.csv,17.331399203769966,5.998222539033221,3.675875025918151,10.518173915946294,1.1320941433937326,11.957788666258516,6.4304024645389735,16.647064295226855,1318.824525340604,409.0989526682317,199.40295452281435,1247.241782092372,66.32921103621574,6.1091862814987765,4.560731254206915,19.62825041222792,7.052563639942564,8.992839629656906,6.052054535090576,8.37495447602086,1.0164598213486544,0.4743152698678662,0.4864076859848111,1.3181710930823318,1.2148036253776349,11.540634441087532,0.2024672708962724,0.2024672708962724,13.23941607237633,21.397890891087403,11.343915230332945,19.123131271584896,24.487867926441616,21.71896943091527,13.31840017807498,43.188765930345255,58.90136718749958,74.21572265624947,37.30419921874973,34.94814453124975,25.84154820123163,27.617851514829077,21.151733314682176,16.672614588109326,14.28370861749284,21.645309795079022,14.8345127738447,17.796597435315434,2.864972972663562,1.3557645291810778,1.0318724130213863,2.879689780931748,8.208070134092688,1.8380974585855896,1.064760676754579,8.292613234402738,3.4894277992176046,1.5061018915836637,1.1411858448593557,2.933506148896464,2.9028581353401686,8.292613234402738,2.8567063382968167,1.8896158446465385
both_alternating,both_alternating_trial08.csv,22.62798053364219,7.401318719074526,6.054648024045027,16.103625618027753,1.0,11.473344285380277,3.6040124681553145,1.0,1363.816301943453,585.932101325206,373.967149558349,1259.902247926119,68.64578704895615,13.356964490392356,9.730336356063928,35.75703847894823,4.839867487790304,6.5585557166702415,6.147126302380864,5.381063982075509,2.161623090848577,0.612657568305562,0.6602763996507816,3.550619974713141,0.2252661064425767,12.16436974789914,0.4505322128851534,0.2252661064425767,5.16003479189227,14.725419696004565,10.781543864398174,5.447296728015814,24.296281048215583,16.814239811239226,12.876433014724377,46.39309264646885,42.80166015624994,21.989843749999967,21.20449218749997,29.058007812499955,22.286702504252847,12.422331661551748,8.999088694838628,17.023088015516308,14.99852002987721,11.9235493811438,9.842029569615354,14.25805419751958,2.9931835121932955,1.820706557424176,1.3692942101610253,3.608209910174287,8.959147537665793,3.314972368247395,1.8749666339805064,13.019178755879931,5.070548680001811,1.730270804756002,1.4634130431741392,4.535972786905245,5.189939002227901,13.019178755879931,2.50854176711733,2.2661453600162496
both_alternating,both_alternating_trial09.csv,27.05120559036077,6.18175325308294,4.063853112411697,22.47216680452523,1.0862297564490278,9.330088996611831,9.330088996611831,1.0,1617.452577552485,345.3967541203842,228.28625324939023,1864.8293917368117,90.43060470797724,9.51293012703236,3.5450078760375545,60.87539164894377,5.364708216758071,7.458787766123315,8.712611190394158,5.559069503935207,3.318153175015553,0.4729501703412321,0.3351378883821225,4.628913607985796,0.2068415637860067,0.2068415637860067,15.306275720164498,0.2068415637860067,6.608148507567215,16.908152580445336,20.46306999732188,4.954929328072516,33.90833782121354,15.642891784324537,16.6132733568423,58.40219084276983,57.72333984374959,18.848437499999864,77.35712890624944,32.19941406249977,26.641081357433382,9.421818305766596,28.4330799327566,19.353307278992283,15.287585140886362,9.567464855206108,22.08359198763716,12.13406106320318,3.1234591664079803,1.4666289359598106,1.3662902410578168,4.156733348010719,9.755997164218034,2.1510004357946064,1.866749022809827,17.278432126464402,6.343687300128841,1.411082530490119,1.080979519298538,6.089556464375599,4.017749458604433,17.278432126464402,4.30052503384969,1.777546238216406
both_alternating,both_alternating_trial10.csv,16.38853665754236,6.077120260403825,5.27433819354679,13.556321229604873,1.2816371495063894,9.724037707212467,10.134620298437424,1.0,1491.103584397867,347.6272539808799,241.7042801537326,1522.843602504258,60.597311802706,5.074929021570815,4.179416540551764,36.05984071738712,6.354491591067164,14.173476027539522,10.42633098016293,6.853919196652306,2.06351286550312,0.3471845298934919,0.5904149360638906,3.0091011660376643,0.2128639491794585,9.578877713075633,0.2128639491794585,0.2128639491794585,10.853600601641078,69.09549565026322,29.09015995741653,9.539847852645668,30.08594970203136,28.91739178828553,19.496215763385138,45.42836988677954,37.30419921874973,27.487304687499805,23.953222656249828,27.09462890624981,19.352806152710208,12.909645752578276,14.56538153259446,14.657788666929145,10.791923472505944,16.73290035903017,7.104530546955543,13.81457256908766,2.9149194153658167,0.3089761054978855,0.4531521384623906,3.5294912119745256,8.496755198076595,0.0954662337686405,0.2053468605930376,12.457308215405408,4.737209178245888,1.328765690871596,1.276394303989428,4.364212428143589,0.30081309436167813,12.457308215405408,41.41212084480455,1.8424984886002285
both_alternating,both_alternating_trial11.csv,19.33532860222308,5.3497401058008185,4.317913596324449,19.65975419475381,1.0,11.957788666258516,10.56253911040656,1.0,1590.484157332756,309.5389957901297,204.55071494049744,1786.3094772530717,71.3287540692748,5.188183766436623,3.911840679453248,51.16295209851502,6.175570130139143,7.3221580392643855,7.871957690152751,6.4024957655763375,2.637318088614089,0.4538339204010197,0.3847286696377611,4.317672908508294,0.423709167544781,12.287565858798647,0.2118545837723905,0.2118545837723905,9.724504019914008,14.485652750260272,15.606630771277189,6.996160237375189,36.350675903099,16.538170391964552,12.336276803704974,57.47175089834725,56.1526367187496,64.00615234374955,53.01123046874962,28.2726562499998,25.635437745440303,25.281362491022527,23.46459005559417,17.42450685502102,14.169395289919136,19.958272596903992,17.694262238943967,12.370460875072746,3.0313403636522023,1.3024948407834245,1.0601505947623884,3.876195249730583,9.189024400307066,1.696492810267438,1.1239192835750458,15.024889614033937,5.910520798605536,1.249475990750822,1.1034559813939686,5.670577638690061,2.8204120938424837,15.024889614033937,5.327196563522131,1.666974911130001
both_alternating,both_alternating_trial12.csv,26.77956660892504,7.026200606267534,6.424865941649438,24.420120972553804,1.0,10.56253911040656,10.134620298437424,1.0,2240.978935091833,621.3088116335906,431.4801831771651,2176.170830992824,111.97136297775496,13.134050137395,12.122596193724313,75.29723818107844,5.585881690916063,8.348852939183994,7.206724341251885,5.887955813305967,3.709724622118745,0.6915792601641498,0.7392209243276355,5.1802528933177365,0.2091003640145591,0.2091003640145591,0.2091003640145591,0.2091003640145591,8.210008222712927,21.01076348197645,15.500403593195236,6.483365928523334,40.034140712094285,28.06796982561943,18.032856289612354,69.73063336316446,64.00615234374955,34.94814453124975,18.45576171874987,33.77011718749976,27.147922134584533,19.349170633662265,7.833491637529455,19.944802319666028,15.752086889063415,15.164832918742553,9.596810521164745,11.7613101588871,3.433878001250408,1.895880541242923,1.5445561324538,4.655772627457139,11.791518127471496,3.5943630266635584,2.3856536463006406,21.67621875857916,7.209080098290593,1.9188164460663024,1.6763712719267423,6.743794085567389,5.980016672964199,21.67621875857916,3.624775639268344,2.547955493142649
both_alternating,both_alternating_trial13.csv,16.255673815446826,6.523087763748535,4.785140874878672,10.467655504852209,1.784234244847197,13.537342517011222,12.988905870618936,15.972643883474824,1083.0021522019065,438.0601935461816,282.74596749329896,1060.1372217713108,50.65804493026354,6.093260553353495,6.670239842554465,16.348898595003256,6.931270166751808,8.339137055526862,7.981680648134607,8.757439890555396,1.3115392097566971,0.5536111625393593,0.3978408930213469,0.8558474319727433,0.6450802139037387,14.406791443850166,0.2150267379679129,17.63219251336886,13.037931205865938,19.177315630279228,18.689069856090416,24.74041781390296,21.61161840711808,20.63377463314955,14.14553327529952,36.07119582714537,43.587011718749686,51.44052734374963,28.665332031249797,33.37744140624976,22.304046192002776,23.62049426402345,17.92408304251418,15.81435456193479,13.452389716317493,19.91324143561916,14.148003388229746,17.36282510046317,2.9786284126675517,1.947130516327162,1.5438247983487314,2.528209023002815,8.872227220750416,3.791317247612481,2.383395007996501,6.391840863992848,3.1340946647487287,1.468453375614717,1.2545094772789622,2.468278757083457,6.174712255608982,6.391840863992848,1.0351641662632345,1.9313594551343858
both_alternating,both_alternating_trial14.csv,15.261170588931872,5.6291968753568336,4.108953181548811,16.548010340850006,2.019921139034045,11.473344285380136,12.98890587061879,1.0,1355.2312180248566,356.8445170054077,212.16120165877223,1545.1062853529834,55.90879020819828,7.38018092049511,3.385898280624803,38.11963539112008,5.556775683908228,8.067367858570186,10.035126055844025,5.859488377360811,2.355778598658528,0.4245800514047304,0.38161929887444,2.9240424361516264,0.1883372365339523,0.3766744730679046,0.3766744730679046,0.1883372365339523,6.753248263378854,19.64232081155449,22.64672569130829,6.797405954601388,27.68121837860111,22.35148448440159,18.27488345686202,48.00356357231934,58.11601562499828,45.550390624998656,71.0743164062479,32.59208984374904,26.236700403108856,21.280954367197115,26.52712336047727,19.276350374047144,15.446053831867316,16.74498336564006,21.48401116558682,13.479408848341556,2.5535594741241705,1.572008486043557,1.155162725521817,2.7178986153085654,6.520665987889311,2.4712106801929563,1.3344009224349935,7.386972883096218,4.993504907591431,1.4300838320236102,1.1313525646144271,4.648654952786314,3.80561160262795,7.386972883096218,1.9410737758932552,1.82348523220644
both_alternating,both_alternating_trial15.csv,18.141514596340247,5.294477621871102,4.378895312264384,15.053002630770656,1.642593782994863,10.56253911040656,11.473344285380252,1.0,1350.6793448013211,249.18586296991387,188.25592007092405,1613.479050078884,62.57192839862201,5.449890249070464,2.897565205391831,35.91665798904849,5.30553071120428,6.732847397339787,8.113779889828402,5.662375976964706,2.299319677588793,0.6366566576551126,0.3598035495743929,3.051682134177248,0.2157188841201701,0.2157188841201701,11.217381974248848,0.2157188841201701,6.515865617987135,13.226817040667008,19.1238968610788,6.673435626270898,24.852370304948103,13.44882088011849,11.49245399808475,47.05898857615877,49.08447265624965,32.59208984374977,58.90136718749958,34.94814453124975,24.821384136297358,18.18311478799854,24.0629112147934,18.889936974733715,15.790778397756132,13.242576648731104,19.93295975532878,16.204556639374957,3.070899178953136,1.2149703470922018,1.122914894897488,3.5263312830619724,9.430421767295046,1.4761529443133454,1.2609378611826367,12.435012317901496,4.692941185890347,1.32570206651047,0.9970492680503504,4.390000428491554,2.737090805495982,12.435012317901496,4.543149351469242,1.6587926971354408
