feature,F,p
CWT_GlobalWaveletPower_ax,512.5018441181364,1.141959924047059e-40
CWT_GlobalWaveletPower_ay,466.2245287127289,1.4634785733571629e-39
CWT_GlobalWaveletPower_az,383.3637517234957,2.7697619321268187e-37
RMS_ax,368.92216545497325,7.707558154666355e-37
xy_RMS,347.850757667137,3.6817367144679293e-36
CWT_DominantAmplitude_ax,242.1945626813424,4.973226121272077e-32
RMS_ay,218.9953954007054,6.724347466230975e-31
CWT_DominantAmplitude_ay,194.38850727225366,1.4278414278911182e-29
PSD_SpectralRMS_m_s2_az,133.75702319686852,1.6552210798427723e-25
CWT_GlobalWaveletPower_aabs,121.96921785902475,1.5673942680601173e-24
CWT_MeanWaveletPower_aabs,114.75796931987095,6.815998607003142e-24
CWT_MeanWaveletPower_ax,108.54776609454551,2.5790358226430417e-23
P2P_az,102.97329219553751,9.009315068761745e-23
CWT_MeanWaveletPower_ay,93.55004428971074,8.551074346376077e-22
z_over_xy_power,81.21511809878376,2.2020237588644345e-20
CWT_DominantAmplitude_aabs,76.7898763110026,7.792026644548702e-20
P2P_ay,71.60253560452895,3.699786314641341e-19
PSD_SpectralRMS_m_s2_ax,69.95627047458755,6.17994854144919e-19
P2P_ax,60.64546667721181,1.361941815052224e-17
PSD_SpectralRMS_m_s2_ay,59.62797776302463,1.9513674282157582e-17
CWT_DominantAmplitude_az,58.391243157180405,3.0402509880302304e-17
RMS_az,50.81251065220955,5.426311945683704e-16
FFT_DominantAmplitude_m_s2_ax,47.22060028756564,2.3757785729224105e-15
PSD_SpectralRMS_m_s2_aabs,44.44218446568355,7.872070810485774e-15
PSD_TotalSpectralPower_az,42.8461538272267,1.6044048144249316e-14
z_TotalPower,42.8461538272267,1.6044048144249316e-14
PSD_TotalSpectralPower_aabs,41.734832126404186,2.6628900427406093e-14
xy_TotalPower,37.57543027916013,1.9320797077167554e-13
PSD_TotalSpectralPower_ax,36.618782176837804,3.1107402094771817e-13
PSD_TotalSpectralPower_ay,35.50754097380243,5.465240494301824e-13
CWT_MeanWaveletPower_az,24.67837216480058,2.633882485958839e-10
RMS_aabs,21.321376308760748,2.4404291251374763e-09
FFT_DominantAmplitude_m_s2_az,19.394578642897255,9.522819105669515e-09
P2P_aabs,17.85929035495054,2.958470213789383e-08
FFT_DominantAmplitude_m_s2_ay,17.713835648461455,3.3017219779974604e-08
Kurtosis_ay,13.094637893879616,1.3690172593015e-06
FFT_DominantAmplitude_m_s2_aabs,12.995420064520538,1.491280046805349e-06
CrestFactor_ay,10.583587921562223,1.2940006464829116e-05
CrestFactor_ax,9.805284563801544,2.6922411084621063e-05
Kurtosis_ax,9.28327503490789,4.4463255359247126e-05
FFT_DominantFrequency_Hz_az,8.273531065877279,0.00012025249344851545
PSD_F95_Hz_az,7.644650125562167,0.0002272653887198659
CWT_DominantFrequency_Hz_aabs,5.469040489464555,0.0022826374854450298
FFT_DominantFrequency_Hz_ax,4.947860101896485,0.004066206388223336
FFT_DominantFrequency_Hz_ay,4.385530582183862,0.007661960320138638
CrestFactor_aabs,4.346057999140731,0.008013630925082256
FFT_DominantFrequency_Hz_aabs,3.7371654257993283,0.01611582202291758
Kurtosis_aabs,3.680064634306581,0.017217287125917125
Kurtosis_az,3.3073145028867046,0.02657020631510132
PSD_SpectralBandwidth_Hz_ay,3.2034351609835072,0.0300052352094127
CrestFactor_az,2.8738472723868753,0.044203750244907296
PSD_F95_Hz_ay,2.8145226326959842,0.047407921324628476
PSD_SpectralBandwidth_Hz_az,2.1176852786173774,0.10822220010499614
PSD_SpectralBandwidth_Hz_ax,1.8342974098201275,0.15141576471527698
PSD_F95_Hz_ax,1.627831738004538,0.19320914478008522
PSD_SpectralCentroid_Hz_az,1.2593729978382724,0.29714227088817985
CWT_DominantFrequency_Hz_az,0.9214834318710475,0.4364677434549098
CWT_DominantFrequency_Hz_ay,0.9008761253926075,0.4465968479860851
PSD_SpectralCentroid_Hz_ax,0.6596031845489246,0.580365637338606
CWT_DominantFrequency_Hz_ax,0.6052089510117995,0.6143674490304482
PSD_SpectralCentroid_Hz_ay,0.5339545477939923,0.6608996351888781
PSD_SpectralBandwidth_Hz_aabs,0.2230097023665624,0.8800139677680439
PSD_SpectralCentroid_Hz_aabs,0.2053546834089506,0.8922707743219321
PSD_F95_Hz_aabs,0.10137926633159201,0.9588957682690583
