class,file,axis,RMS,P2P,CrestFactor,Kurtosis
servo_only,servo_only_trial01.csv,ax,1.996634636995242,14.820701803701962,4.819393772339777,6.654353975188712
servo_only,servo_only_trial01.csv,ay,1.5991643982973087,19.278568767227092,7.0729570084982765,11.698002717854497
servo_only,servo_only_trial01.csv,az,0.180322313080502,1.5347598796141106,5.083789330542349,6.087749720792933
servo_only,servo_only_trial01.csv,aabs,2.5644478514926785,13.868211896545809,5.427203959330878,6.4570513816189035
servo_only,servo_only_trial02.csv,ax,1.985843415295139,15.87008032521631,5.494787395625012,6.196131293554805
servo_only,servo_only_trial02.csv,ay,1.5973760891763757,15.017896305341472,6.834451479070518,10.57999523597187
servo_only,servo_only_trial02.csv,az,0.1830853436846173,2.2986250361950997,6.807440183205157,10.10991234746262
servo_only,servo_only_trial02.csv,aabs,2.5551330069911407,14.099032298381765,5.5374134229857015,7.0212532225571636
servo_only,servo_only_trial03.csv,ax,1.9956535611240707,15.861100471032255,5.454855860530071,7.175970197032463
servo_only,servo_only_trial03.csv,ay,1.5994030575366038,15.901722478464595,7.088530311255246,9.294721069219904
servo_only,servo_only_trial03.csv,az,0.18116939666796505,1.340903516492908,4.896589768421895,6.4964936011000205
servo_only,servo_only_trial03.csv,aabs,2.563892670681372,11.90889211309085,4.655493816498655,4.689908669006656
servo_only,servo_only_trial04.csv,ax,1.9989899810668343,19.77150204329451,6.670214012376949,9.925250370220148
servo_only,servo_only_trial04.csv,ay,1.5936194714023577,14.344939420346837,6.281143157991316,10.78997096603295
servo_only,servo_only_trial04.csv,az,0.1797506137582844,1.917034377048077,6.203207490839224,7.88499279045673
servo_only,servo_only_trial04.csv,aabs,2.5627903244676093,14.618485963478909,5.707642007199422,8.683666080942869
servo_only,servo_only_trial05.csv,ax,1.9996589554975115,21.321219209402116,6.71017765007989,8.592380058081387
servo_only,servo_only_trial05.csv,ay,1.5989358935777616,16.136439335089463,6.975470378238569,11.578250298300135
servo_only,servo_only_trial05.csv,az,0.18103429896648923,1.814770937814293,6.757193644691494,10.350751442271342
servo_only,servo_only_trial05.csv,aabs,2.566710998043021,13.650411896480787,5.3262694268000885,6.023183576089224
servo_only,servo_only_trial06.csv,ax,1.9857916913604925,19.127957438079473,6.9271675431006265,12.519039576335011
servo_only,servo_only_trial06.csv,ay,1.5964810076121514,17.314212297868885,7.449828955466583,11.115912114140636
servo_only,servo_only_trial06.csv,az,0.1863344528776536,1.6126603451050183,5.9051159976966385,8.651227331896747
servo_only,servo_only_trial06.csv,aabs,2.5547682433974104,14.686177606630654,5.761446102986431,10.837123445651844
servo_only,servo_only_trial07.csv,ax,1.9984874542370354,25.37409389570026,8.510657413188028,21.256363407446745
servo_only,servo_only_trial07.csv,ay,1.6010674704563166,21.459752545777896,9.37766820882971,26.741348024960775
servo_only,servo_only_trial07.csv,az,0.1807731152492208,2.03648850140927,8.405993333135624,19.39408397432518
servo_only,servo_only_trial07.csv,aabs,2.5671088930727355,22.51085251470258,8.782326892522201,26.259274524237547
servo_only,servo_only_trial08.csv,ax,1.9989217804830453,26.31227625915745,8.81797654994157,17.967107263359548
servo_only,servo_only_trial08.csv,ay,1.6097203376841815,12.545422502297676,5.527004721615064,8.056654152949497
servo_only,servo_only_trial08.csv,az,0.18049513071715445,1.8674772993137319,7.246983374913229,14.83795536826867
servo_only,servo_only_trial08.csv,aabs,2.5728323579775236,17.650838006117702,6.8681153687757925,9.031907408866442
servo_only,servo_only_trial09.csv,ax,2.408720033939591,21.92716614475854,6.631639523828206,9.024461033354166
servo_only,servo_only_trial09.csv,ay,1.8776331936429014,15.99816194270176,5.838697115178998,7.851963045477328
servo_only,servo_only_trial09.csv,az,0.18629948188732406,1.5748751971321955,5.539296054109332,8.357938050191333
servo_only,servo_only_trial09.csv,aabs,3.0597624268434744,19.140596855507937,6.265073509998577,10.472416847918513
servo_only,servo_only_trial10.csv,ax,1.9992846296364735,20.29325322077927,6.82285195699005,14.786935459938196
servo_only,servo_only_trial10.csv,ay,1.6054319492244105,17.368154550355275,7.206713919560015,15.088315568660747
servo_only,servo_only_trial10.csv,az,0.1830489238781263,2.1314674797117803,6.491965377495631,9.261290398920508
servo_only,servo_only_trial10.csv,aabs,2.570614261693901,17.308542353634916,6.742003405581137,13.179135126769474
servo_only,servo_only_trial11.csv,ax,2.0074219364582313,18.71596761401877,6.559104219755937,13.712754794263933
servo_only,servo_only_trial11.csv,ay,1.6001659656444096,17.098955006513396,7.545054596523394,21.974007989899718
servo_only,servo_only_trial11.csv,az,0.18250039811927124,1.972618505119014,8.197505812025168,21.30518007654566
servo_only,servo_only_trial11.csv,aabs,2.5736317420901758,16.41589561064693,6.398805755910966,13.931749169800423
servo_only,servo_only_trial12.csv,ax,1.999364384606842,21.0237063315393,7.297542254404292,12.534559414472106
servo_only,servo_only_trial12.csv,ay,1.6002494731752146,15.058165251636236,4.870200221407506,6.098009276724817
servo_only,servo_only_trial12.csv,az,0.18128776568890512,1.5374009251995044,5.749135806325646,8.683044443811555
servo_only,servo_only_trial12.csv,aabs,2.567317972675049,14.80596416620283,5.804569959474447,7.095975458514616
servo_only,servo_only_trial13.csv,ax,1.998730990261912,16.742436456930037,4.737324043263309,5.910437671196403
servo_only,servo_only_trial13.csv,ay,1.5963026282157071,10.880703468377648,4.541755486838163,6.178895023304804
servo_only,servo_only_trial13.csv,az,0.18105260123683586,1.9534457888577208,6.447561269931147,10.39357368981475
servo_only,servo_only_trial13.csv,aabs,2.5643493710289094,10.4757445568286,4.094991498534548,4.592988130397852
servo_only,servo_only_trial14.csv,ax,2.1376357624893045,22.108214164953544,6.726239125915436,6.759823370950857
servo_only,servo_only_trial14.csv,ay,1.607517479745315,13.201648826434033,5.6882191457023685,6.911497970031778
servo_only,servo_only_trial14.csv,az,0.18238311993274148,1.4412307446023558,5.152307483862426,6.037273129770913
servo_only,servo_only_trial14.csv,aabs,2.680832464589378,14.426783900226983,5.392708172049489,6.561256571961007
servo_only,servo_only_trial15.csv,ax,2.0242287116626043,21.564036209474526,7.162915351179186,9.032583813532387
servo_only,servo_only_trial15.csv,ay,1.6424486285852027,18.4117798665589,7.312896534278797,9.026772906332218
servo_only,servo_only_trial15.csv,az,0.1822498706484631,2.1664010924850867,6.016581615969087,7.49607537990229
servo_only,servo_only_trial15.csv,aabs,2.6131120125268343,14.599490314003749,5.596185448133504,6.740653818164194
piston_only,piston_only_trial01.csv,ax,0.4687338461727451,5.091873048192035,5.9341758439460826,6.693689153971743
piston_only,piston_only_trial01.csv,ay,0.5787553625639796,5.482268065202995,6.898300337568049,8.164348084230493
piston_only,piston_only_trial01.csv,az,4.966583470670594,48.02648535630224,5.098824801112547,5.065351052620439
piston_only,piston_only_trial01.csv,aabs,5.022113156768057,25.53636820084571,5.092833423366731,5.724007263563946
piston_only,piston_only_trial02.csv,ax,0.340835436577315,4.141967701895799,7.173630241571303,12.172569048680609
piston_only,piston_only_trial02.csv,ay,0.34434375015788393,4.156323193036167,6.701605387799436,11.16076833275337
piston_only,piston_only_trial02.csv,az,3.407950213305649,39.5311642953388,7.105723704333149,12.332546977509429
piston_only,piston_only_trial02.csv,aabs,3.4422181902763898,24.296188467253568,7.0614425574696895,12.873313384795082
piston_only,piston_only_trial03.csv,ax,0.4426030106559577,4.490478792117619,5.601875314788699,7.364851537784672
piston_only,piston_only_trial03.csv,ay,0.6451359961656832,5.718495636639089,5.197167243362262,4.143846425927752
piston_only,piston_only_trial03.csv,az,6.940779402300957,59.01564846061191,5.380461453384584,4.554735727716022
piston_only,piston_only_trial03.csv,aabs,6.984734539694092,37.52270247820494,5.3752013609045575,6.834049706608766
piston_only,piston_only_trial04.csv,ax,0.472814324751314,4.635524844544388,5.338353065933767,5.3972478392314684
piston_only,piston_only_trial04.csv,ay,0.56492058540993,5.376179853794034,5.008224148765357,4.38182396558943
piston_only,piston_only_trial04.csv,az,4.452959375165335,49.258839203808336,6.486202618543525,7.794339419940549
piston_only,piston_only_trial04.csv,aabs,4.513483782000638,29.027666981964448,6.433774144558798,8.771853984662979
piston_only,piston_only_trial05.csv,ax,0.5886254552621732,5.119196038294751,5.2132374610506105,4.092765238837441
piston_only,piston_only_trial05.csv,ay,0.7310489402361993,6.549432068782091,6.041918894862851,6.144781962351031
piston_only,piston_only_trial05.csv,az,6.355073729031273,63.69824245138568,5.179263016942744,4.575676639912299
piston_only,piston_only_trial05.csv,aabs,6.424007672864853,33.31671564304011,5.190084451779088,6.239807096997755
piston_only,piston_only_trial06.csv,ax,0.3573553782413073,3.7309537947578013,6.523120126125757,11.917020706304383
piston_only,piston_only_trial06.csv,ay,0.75959082055451,6.601765867057504,5.828842496661906,5.216752410180737
piston_only,piston_only_trial06.csv,az,3.561709133769135,36.73499263247548,5.895669197741069,9.1545754100022
piston_only,piston_only_trial06.csv,aabs,3.659296795096449,21.007304501301405,5.7499370785632955,9.88417494035257
piston_only,piston_only_trial07.csv,ax,0.5578272058854541,5.322544092813718,6.267010825202791,6.468514901536185
piston_only,piston_only_trial07.csv,ay,0.44441097119602974,4.283897152684972,5.513391333135172,5.0940646983423505
piston_only,piston_only_trial07.csv,az,9.329373212448319,77.75086118894791,6.1088040442341836,6.62442706355862
piston_only,piston_only_trial07.csv,aabs,9.356595365841875,57.0954403666195,6.104456262168383,9.570320739946796
piston_only,piston_only_trial08.csv,ax,0.7575777532676641,6.274659919856725,5.756886536171681,4.880266509222541
piston_only,piston_only_trial08.csv,ay,0.34272523468534516,3.115668951791223,5.078099657717569,7.731505768069152
piston_only,piston_only_trial08.csv,az,6.928187014430843,63.41715870872666,5.777781322881341,4.992668691117413
piston_only,piston_only_trial08.csv,aabs,6.977905125871543,40.22581815162483,5.770609546017236,8.312959415203794
piston_only,piston_only_trial09.csv,ax,0.4221369792424055,5.051430435826305,6.558369864794392,7.159548493247087
piston_only,piston_only_trial09.csv,ay,0.6583806566436949,6.139105126304974,5.75237477183348,5.671323702195959
piston_only,piston_only_trial09.csv,az,5.806499931470422,55.63713527186428,5.330136331993478,4.873475956242686
piston_only,piston_only_trial09.csv,aabs,5.858933876777626,31.203919713381037,5.327148317314497,5.662778255746135
piston_only,piston_only_trial10.csv,ax,0.38325857262245766,3.821138711443482,6.171142128459799,9.19122075601097
piston_only,piston_only_trial10.csv,ay,0.35364640727554675,3.9707694514454475,6.273284411086196,11.847213708983928
piston_only,piston_only_trial10.csv,az,7.7383206481904585,67.13308773872268,6.091074923290996,6.420780627746771
piston_only,piston_only_trial10.csv,aabs,7.755872573029956,47.145581273461175,6.082488571725732,9.872854484887961
piston_only,piston_only_trial11.csv,ax,0.40534825877930675,4.503889234169953,7.4071820647648,10.659383177925156
piston_only,piston_only_trial11.csv,ay,0.5397281632421831,5.591885516129421,5.917427808119575,5.92637384546887
piston_only,piston_only_trial11.csv,az,5.323773271379284,57.70301454627058,5.699153331240775,6.544802460497589
piston_only,piston_only_trial11.csv,aabs,5.366393159855573,30.435561682263064,5.678239931039096,7.830598866603829
piston_only,piston_only_trial12.csv,ax,0.6210511927693529,6.061108181445299,6.2433626504556,6.453527411541824
piston_only,piston_only_trial12.csv,ay,0.6160807984024597,6.053823723192308,5.772884679461112,5.238206644197909
piston_only,piston_only_trial12.csv,az,6.080082984377442,62.380189916492604,5.916414806222275,6.115095402884942
piston_only,piston_only_trial12.csv,aabs,6.142692343843745,36.34446831398135,5.918422613723888,7.943607614297555
piston_only,piston_only_trial13.csv,ax,0.4006754532708915,4.410440138026173,6.364196349440959,8.153242368788746
piston_only,piston_only_trial13.csv,ay,0.44600081441089756,4.203474474056036,4.7409793021749405,4.475776849362501
piston_only,piston_only_trial13.csv,az,3.4513002181559385,44.941691749721684,7.494092952785703,14.008796431708895
piston_only,piston_only_trial13.csv,aabs,3.502988829721306,25.880990331115214,7.3994837308241435,14.731501563620604
piston_only,piston_only_trial14.csv,ax,0.614146102474044,5.770486944531726,5.170303205059849,4.63169640224328
piston_only,piston_only_trial14.csv,ay,0.4721847853913897,4.3034407058311395,4.848154715662941,5.144427663956762
piston_only,piston_only_trial14.csv,az,4.163680437555323,41.212901085585116,6.397997537762016,9.037310042091681
piston_only,piston_only_trial14.csv,aabs,4.23513502651569,26.701700626474235,6.310045363258286,11.52690089693696
piston_only,piston_only_trial15.csv,ax,0.3631757796496355,3.7071109493718524,5.896260443046599,9.340001781232818
piston_only,piston_only_trial15.csv,ay,0.34273941572387734,4.223371067664893,6.847221379932387,11.403503793922134
piston_only,piston_only_trial15.csv,az,7.052535281485685,60.84511556242895,5.501279790476816,4.527732505432187
piston_only,piston_only_trial15.csv,aabs,7.070192419631535,38.792039956322775,5.488373273266695,6.467565161402463
both_simultaneous,both_simultaneous_trial01.csv,ax,2.0605125142075362,21.9854599813985,6.311051466750338,8.408269805048496
both_simultaneous,both_simultaneous_trial01.csv,ay,1.700131079261677,16.310721135772724,7.066316197904508,7.979983551524173
both_simultaneous,both_simultaneous_trial01.csv,az,5.383555788559912,49.193716524754464,5.30976470702226,4.548049471946355
both_simultaneous,both_simultaneous_trial01.csv,aabs,6.009894378141289,28.660199457723888,4.799121646445295,4.566082281024498
both_simultaneous,both_simultaneous_trial02.csv,ax,2.0349570280516547,26.166674988458272,8.531309618484991,19.391464953339245
both_simultaneous,both_simultaneous_trial02.csv,ay,1.719550580041099,18.60829073055419,6.252209915491257,8.936736083471716
both_simultaneous,both_simultaneous_trial02.csv,az,3.409605442321832,37.5895072132411,6.472909199865093,11.708692128089469
both_simultaneous,both_simultaneous_trial02.csv,aabs,4.327044438834337,21.99577702043095,5.100690234691784,6.3229407685269905
both_simultaneous,both_simultaneous_trial03.csv,ax,2.061068241997326,25.39402463468293,6.312823582445551,11.472150061730119
both_simultaneous,both_simultaneous_trial03.csv,ay,1.6244015825375042,18.323645183204604,8.04493487808231,14.85269571311224
both_simultaneous,both_simultaneous_trial03.csv,az,4.579191020817718,49.7867807310568,6.385052869303521,7.306828673870273
both_simultaneous,both_simultaneous_trial03.csv,aabs,5.277847402555127,29.156243216760473,5.550985532961087,6.362889165969447
both_simultaneous,both_simultaneous_trial04.csv,ax,2.0312242253540655,17.606183782496498,5.831549803367947,8.71446692596409
both_simultaneous,both_simultaneous_trial04.csv,ay,1.679067235718245,16.495669309746372,5.129533364717774,6.9186688817811905
both_simultaneous,both_simultaneous_trial04.csv,az,4.212906292586572,53.24424932836162,7.068226607462341,9.467568226038049
both_simultaneous,both_simultaneous_trial04.csv,aabs,4.969277418885293,29.88036890012752,6.034444706360164,7.607766163614498
both_simultaneous,both_simultaneous_trial05.csv,ax,2.055119112327684,20.10650559106673,5.240147813852622,6.430150222795572
both_simultaneous,both_simultaneous_trial05.csv,ay,1.6715248642378049,15.139581986927176,5.2411824532065285,6.6727809862717695
both_simultaneous,both_simultaneous_trial05.csv,az,7.695959121563348,65.34478676550046,5.3250572437055865,3.910720068177504
both_simultaneous,both_simultaneous_trial05.csv,aabs,8.139121373858105,40.95906336810229,5.049280757901423,5.691668391200018
both_simultaneous,both_simultaneous_trial06.csv,ax,2.0041107870943478,20.736381062204728,7.463603638690109,13.152920374490044
both_simultaneous,both_simultaneous_trial06.csv,ay,1.6279254981529914,17.76975844400946,7.158182481157921,9.437282047451145
both_simultaneous,both_simultaneous_trial06.csv,az,7.106162386694428,61.097447839319884,6.110589681280076,5.767344907946159
both_simultaneous,both_simultaneous_trial06.csv,aabs,7.560697410990288,43.35126927273207,5.743679932171256,7.482443416387595
both_simultaneous,both_simultaneous_trial07.csv,ax,2.0420545283367746,12.199073248995703,3.981629508486777,2.7154265350643154
both_simultaneous,both_simultaneous_trial07.csv,ay,1.6176104028436042,13.158513358536965,5.487551940410916,5.2590335669757575
both_simultaneous,both_simultaneous_trial07.csv,az,6.421111855674756,58.096969254428735,5.2363101825417235,3.9263577715189975
both_simultaneous,both_simultaneous_trial07.csv,aabs,6.929453627464108,33.58716154419801,4.872177663733372,5.566138130361564
both_simultaneous,both_simultaneous_trial08.csv,ax,2.0649935701607225,13.040431953366959,3.752047647288258,2.2812683873879074
both_simultaneous,both_simultaneous_trial08.csv,ay,1.6679862765866271,14.120996701916756,5.932012255485821,6.496358607814429
both_simultaneous,both_simultaneous_trial08.csv,az,5.682905020045928,51.55255662540742,4.682313053587596,3.3433491644257805
both_simultaneous,both_simultaneous_trial08.csv,aabs,6.272303096195978,26.556725290495983,4.265611453179245,3.528226679744562
both_simultaneous,both_simultaneous_trial09.csv,ax,2.063067720323133,13.982286790340009,4.376823575052597,4.573252909077099
both_simultaneous,both_simultaneous_trial09.csv,ay,1.6412320836824768,12.122560542159178,4.924089339527008,6.493815991950925
both_simultaneous,both_simultaneous_trial09.csv,az,8.379821052044198,79.90436268576318,5.857367950970602,6.179558281974874
both_simultaneous,both_simultaneous_trial09.csv,aabs,8.784719234866367,49.1094567780581,5.607996527022699,9.343366527823497
both_simultaneous,both_simultaneous_trial10.csv,ax,2.014321079124649,16.507446688740018,5.179212831425069,7.773191818060933
both_simultaneous,both_simultaneous_trial10.csv,ay,1.6779087745712813,19.077018899573115,6.274989689311757,8.47171970947476
both_simultaneous,both_simultaneous_trial10.csv,az,3.890570074320492,36.62895249790779,5.377500249094293,6.8623353887811565
both_simultaneous,both_simultaneous_trial10.csv,aabs,4.6914179912673895,21.451983519431888,4.5987098900955194,4.317582564859539
both_simultaneous,both_simultaneous_trial11.csv,ax,2.048277395227352,18.904934450869504,6.256499142926315,9.021323544034361
both_simultaneous,both_simultaneous_trial11.csv,ay,1.6353170437565174,16.755419602425427,5.146923632464595,6.992794909508165
both_simultaneous,both_simultaneous_trial11.csv,az,3.414547800652138,40.154639398709826,6.529415849110967,12.435231606752282
both_simultaneous,both_simultaneous_trial11.csv,aabs,4.304513770954654,22.365830643916862,5.2082334155510965,5.991075774344548
both_simultaneous,both_simultaneous_trial12.csv,ax,2.1672297460650136,15.663719645280992,5.094685791093146,6.8028912915968895
both_simultaneous,both_simultaneous_trial12.csv,ay,1.7932662034477576,12.471842396315646,3.6426108658094045,3.221800741923163
both_simultaneous,both_simultaneous_trial12.csv,az,6.554985169544003,54.964071697899755,5.358913421332576,3.947444582108763
both_simultaneous,both_simultaneous_trial12.csv,aabs,7.133058181565517,35.39422637413216,4.969416824902436,4.6721122329172635
both_simultaneous,both_simultaneous_trial13.csv,ax,2.1256351801115394,23.781799987221273,6.494577987936042,8.506013306211901
both_simultaneous,both_simultaneous_trial13.csv,ay,1.6903395874700473,16.246455358486184,6.505974510983644,15.417672570319006
both_simultaneous,both_simultaneous_trial13.csv,az,3.5013125072179836,37.37608199851111,5.940776802354803,9.376808025763095
both_simultaneous,both_simultaneous_trial13.csv,aabs,4.431112965508474,20.76276727045939,4.700158983784064,4.3670388888075475
both_simultaneous,both_simultaneous_trial14.csv,ax,2.1036796356193377,20.556070274130498,6.533451601903261,7.627749952177275
both_simultaneous,both_simultaneous_trial14.csv,ay,1.706850941944444,14.168412450330255,5.105702712647948,8.329109746052339
both_simultaneous,both_simultaneous_trial14.csv,az,3.7312741697797582,44.614601444411576,6.735182932028904,10.367845144936018
both_simultaneous,both_simultaneous_trial14.csv,aabs,4.610988514125986,25.01252475115155,5.451729084500425,6.521920885798707
both_simultaneous,both_simultaneous_trial15.csv,ax,2.0283780211316507,16.830798610203736,5.143295799901808,7.866773826507078
both_simultaneous,both_simultaneous_trial15.csv,ay,1.6241403381641617,13.36434714842835,5.086359325930966,6.406684691760116
both_simultaneous,both_simultaneous_trial15.csv,az,6.5745099074921205,61.413009956740765,5.553901992298441,4.7063630051083205
both_simultaneous,both_simultaneous_trial15.csv,aabs,7.069393874892953,36.451410040462534,5.190277573041729,5.735899859198913
both_alternating,both_alternating_trial01.csv,ax,1.620602474662801,16.234920220323264,5.477222633672417,5.588493101380788
both_alternating,both_alternating_trial01.csv,ay,1.302349322628144,11.506521920959758,6.004014814793391,12.333960054678744
both_alternating,both_alternating_trial01.csv,az,2.8651912513743345,36.247029979524854,6.833415151177573,13.802834625063248
both_alternating,both_alternating_trial01.csv,aabs,3.540026418825883,19.484482228574585,5.5454415472383705,7.617344200998959
both_alternating,both_alternating_trial02.csv,ax,1.631680494261712,15.11994629555936,6.169203498482348,14.256552169269185
both_alternating,both_alternating_trial02.csv,ay,1.1916684167789868,10.500336830733788,6.2496485536899575,14.099452709884943
both_alternating,both_alternating_trial02.csv,az,6.054447229247086,54.920860812988906,6.34915296729311,7.565491544905051
both_alternating,both_alternating_trial02.csv,aabs,6.3826942667372375,38.59428747599645,6.064982954247103,9.78153734960672
both_alternating,both_alternating_trial03.csv,ax,1.1691438488311563,24.251909545942624,13.42096093998054,50.09857238460956
both_alternating,both_alternating_trial03.csv,ay,1.0050721139749381,12.592735643910554,8.745946652383502,40.27707925524777
both_alternating,both_alternating_trial03.csv,az,3.686984095260329,39.041238050543356,6.20730930000224,7.266171172346873
both_alternating,both_alternating_trial03.csv,aabs,3.996363223263422,22.94521323655338,5.753088899387442,7.508305072263887
both_alternating,both_alternating_trial04.csv,ax,1.3133032913223994,15.603099078425009,7.777187795454802,20.896278731195324
both_alternating,both_alternating_trial04.csv,ay,1.3994174597244968,14.905977630398846,7.072373549709098,16.598326263816183
both_alternating,both_alternating_trial04.csv,az,2.7441655665594595,37.66906148173219,8.875037016542798,16.935893204398656
both_alternating,both_alternating_trial04.csv,aabs,3.3486683052029225,24.33280614323698,7.286208098023908,10.874475945947133
both_alternating,both_alternating_trial05.csv,ax,0.9113131562681863,16.607841689283,13.391673673607256,86.00605910172446
both_alternating,both_alternating_trial05.csv,ay,0.7223962422045368,10.464739054724536,11.178432764454381,56.604041957119925
both_alternating,both_alternating_trial05.csv,az,5.138463901405905,52.93174894086455,7.338009997820698,9.67777814128252
both_alternating,both_alternating_trial05.csv,aabs,5.2684114556088275,37.74746168879915,7.167794297279306,13.473145513095552
both_alternating,both_alternating_trial06.csv,ax,1.6077747260998616,21.59979672800896,8.857189611535315,23.982176183106056
both_alternating,both_alternating_trial06.csv,ay,1.2073039106830017,12.34599792044677,7.24664272772449,19.168311695879677
both_alternating,both_alternating_trial06.csv,az,3.5565419070888113,47.86279232753605,6.77893248970339,12.846330820585235
both_alternating,both_alternating_trial06.csv,aabs,4.085524769171627,24.265290315841415,5.962034097604278,10.361688837277196
both_alternating,both_alternating_trial07.csv,ax,1.5061018915836637,21.71896943091527,8.992839629656906,21.397890891087403
both_alternating,both_alternating_trial07.csv,ay,1.1411858448593555,13.31840017807498,6.052054535090576,11.343915230332943
both_alternating,both_alternating_trial07.csv,az,2.933506148896464,43.188765930345255,8.37495447602086,19.123131271584896
both_alternating,both_alternating_trial07.csv,aabs,3.4894277992176046,24.487867926441616,7.052563639942564,13.23941607237633
both_alternating,both_alternating_trial08.csv,ax,1.730270804756002,16.814239811239226,6.5585557166702415,14.725419696004565
both_alternating,both_alternating_trial08.csv,ay,1.4634130431741392,12.876433014724377,6.147126302380864,10.781543864398174
both_alternating,both_alternating_trial08.csv,az,4.535972786905245,46.393092646468844,5.381063982075509,5.447296728015814
both_alternating,both_alternating_trial08.csv,aabs,5.070548680001811,24.296281048215583,4.839867487790304,5.16003479189227
both_alternating,both_alternating_trial09.csv,ax,1.4110825304901187,15.642891784324537,7.458787766123315,16.908152580445336
both_alternating,both_alternating_trial09.csv,ay,1.0809795192985379,16.6132733568423,8.712611190394158,20.46306999732188
both_alternating,both_alternating_trial09.csv,az,6.089556464375599,58.402190842769826,5.559069503935207,4.954929328072516
both_alternating,both_alternating_trial09.csv,aabs,6.343687300128841,33.90833782121354,5.364708216758071,6.608148507567215
both_alternating,both_alternating_trial10.csv,ax,1.3287656908715961,28.917391788285535,14.173476027539522,69.09549565026322
both_alternating,both_alternating_trial10.csv,ay,1.276394303989428,19.496215763385138,10.42633098016293,29.09015995741653
both_alternating,both_alternating_trial10.csv,az,4.364212428143589,45.42836988677954,6.853919196652306,9.539847852645668
both_alternating,both_alternating_trial10.csv,aabs,4.737209178245888,30.08594970203136,6.354491591067164,10.853600601641078
both_alternating,both_alternating_trial11.csv,ax,1.249475990750822,16.538170391964552,7.3221580392643855,14.485652750260272
both_alternating,both_alternating_trial11.csv,ay,1.1034559813939686,12.336276803704974,7.871957690152751,15.606630771277189
both_alternating,both_alternating_trial11.csv,az,5.670577638690061,57.47175089834725,6.4024957655763375,6.996160237375189
both_alternating,both_alternating_trial11.csv,aabs,5.9105207986055355,36.350675903098995,6.175570130139143,9.724504019914008
both_alternating,both_alternating_trial12.csv,ax,1.9188164460663026,28.06796982561943,8.348852939183994,21.010763481976454
both_alternating,both_alternating_trial12.csv,ay,1.6763712719267423,18.032856289612354,7.206724341251885,15.500403593195237
both_alternating,both_alternating_trial12.csv,az,6.743794085567389,69.73063336316446,5.887955813305967,6.483365928523334
both_alternating,both_alternating_trial12.csv,aabs,7.209080098290593,40.034140712094285,5.585881690916063,8.210008222712927
both_alternating,both_alternating_trial13.csv,ax,1.468453375614717,20.63377463314955,8.339137055526862,19.177315630279228
both_alternating,both_alternating_trial13.csv,ay,1.2545094772789622,14.14553327529952,7.981680648134607,18.689069856090416
both_alternating,both_alternating_trial13.csv,az,2.4682787570834566,36.07119582714537,8.757439890555396,24.740417813902962
both_alternating,both_alternating_trial13.csv,aabs,3.1340946647487287,21.611618407118076,6.931270166751808,13.037931205865938
both_alternating,both_alternating_trial14.csv,ax,1.4300838320236102,22.35148448440159,8.067367858570186,19.642320811554494
both_alternating,both_alternating_trial14.csv,ay,1.1313525646144273,18.27488345686202,10.035126055844023,22.646725691308294
both_alternating,both_alternating_trial14.csv,az,4.648654952786314,48.00356357231934,5.859488377360811,6.797405954601388
both_alternating,both_alternating_trial14.csv,aabs,4.993504907591431,27.68121837860111,5.556775683908228,6.753248263378854
both_alternating,both_alternating_trial15.csv,ax,1.32570206651047,13.44882088011849,6.732847397339787,13.226817040667008
both_alternating,both_alternating_trial15.csv,ay,0.9970492680503504,11.49245399808475,8.113779889828402,19.1238968610788
both_alternating,both_alternating_trial15.csv,az,4.390000428491554,47.05898857615877,5.662375976964706,6.673435626270898
both_alternating,both_alternating_trial15.csv,aabs,4.692941185890347,24.852370304948103,5.30553071120428,6.515865617987135
