Class,File,Number of samples,Duration (s),Non-monotonic samples,Expected dt (s),Mean dt (s),Std dt (s),Min dt (s),Max dt (s),Measured Fs (Hz),Fs error (%),Maximum dt deviation (%),RMS dt deviation (%),Large dt deviations,Sampling PASS,X mean (m/s^2),X RMS (m/s^2),Y mean (m/s^2),Y RMS (m/s^2),Z mean (m/s^2),Z RMS (m/s^2),Mean magnitude (m/s^2),RMS magnitude (m/s^2),X low-frequency power < 0.3 Hz (%),Y low-frequency power < 0.3 Hz (%),Z low-frequency power < 0.3 Hz (%),Average low-frequency power < 0.3 Hz (%)
servo_only,servo_only_trial01.csv,2011,4.998756528226809,0,0.002486943546381497,0.002486943546381497,3.231077248133181e-16,0.002486943546379905,0.0024869435463825695,402.1,0.0,6.401602772182491e-11,1.2992161614743521e-11,0,True,0.012175652549649665,1.996634636995242,-0.007622833743714621,1.5991643982973087,-0.00026859398744456483,0.180322313080502,1.4715246273102922,2.5644478514926785,0.06285063910089024,0.014111089588292167,0.0389119970737121,0.03862457525429817
servo_only,servo_only_trial02.csv,1903,4.730166625217607,0,0.002486943546381497,0.002486943546381497,3.1581965493743415e-16,0.002486943546379905,0.0024869435463825695,402.1,0.0,6.401602772182491e-11,1.2699108325034228e-11,0,True,0.058725872582068066,1.985843415295139,0.01858902266399629,1.5973760891763757,-0.002073811718214127,0.1830853436846173,1.5543220538567963,2.5551330069911407,0.13551940599179638,0.051672838903803545,0.031981376207247836,0.07305787370094925
servo_only,servo_only_trial03.csv,2225,5.530962447152449,0,0.002486943546381497,0.002486943546381497,3.3666531811601276e-16,0.002486943546379905,0.0024869435463825695,402.1,0.0,6.401602772182491e-11,1.3537312441444874e-11,0,True,0.02681913231297502,1.9956535611240707,-0.0026429329650355495,1.5994030575366038,0.00037725320324885446,0.18116939666796505,1.5246622513885437,2.563892670681372,0.01463438731881883,0.00033867473566585144,0.0013825406403863733,0.005451867564957018
servo_only,servo_only_trial04.csv,2046,5.085799552350162,0,0.002486943546381497,0.002486943546381497,3.2368626478016574e-16,0.002486943546379905,0.0024869435463825695,402.1,0.0,6.401602772182491e-11,1.3015424706810465e-11,0,True,-0.004776769822056118,1.9989899810668343,0.040932068786340516,1.5936194714023577,0.002599265898526635,0.1797506137582844,1.2497397550574976,2.5627903244676093,0.0014293984280403375,0.08121682734697938,0.01690053865897853,0.03318225481133275
servo_only,servo_only_trial05.csv,1957,4.864461576722208,0,0.002486943546381497,0.002486943546381497,3.1832059215749603e-16,0.002486943546379905,0.0024869435463825695,402.1,0.0,6.401602772182491e-11,1.2799671010652914e-11,0,True,0.028585878151719923,1.9996589554975115,-0.04096221009736121,1.5989358935777616,0.003575269433600591,0.18103429896648923,1.4244093542382916,2.5667109980430216,0.05547604774319333,0.11405662823510902,0.04471481626607596,0.0714158307481261
servo_only,servo_only_trial06.csv,1940,4.822183536433723,0,0.002486943546381497,0.002486943546381497,3.1775241754120634e-16,0.002486943546379905,0.0024869435463825695,402.1,0.0,6.401602772182491e-11,1.2776824709331908e-11,0,True,0.0049037485520866415,1.9857916913604925,-0.002301404881351142,1.5964810076121514,0.0027200647382957578,0.1863344528776536,1.4781662762275454,2.5547682433974104,0.09294882195878641,0.0319612709774623,0.13868611953252674,0.08786540415625849
servo_only,servo_only_trial07.csv,2034,5.055956229793583,0,0.002486943546381497,0.002486943546381497,3.236305704294189e-16,0.002486943546379905,0.0024869435463825695,402.1,0.0,6.401602772182491e-11,1.3013185236966935e-11,0,True,-0.0005205325185382542,1.9984874542370354,-0.010432494643181068,1.6010674704563166,0.0020710150916980756,0.1807731152492208,1.1513039914208436,2.567108893072735,0.0008317676954275002,0.005741160586301417,0.01479649842178821,0.007123142234505709
servo_only,servo_only_trial08.csv,2040,5.070877891071873,0,0.002486943546381497,0.002486943546381497,3.2365850074637556e-16,0.002486943546379905,0.0024869435463825695,402.1,0.0,6.401602772182491e-11,1.301430831501176e-11,0,True,-0.03476195949402957,1.9989217804830453,0.11486598757975973,1.6097203376841815,-0.010907569094244724,0.18049513071715445,1.2874467628847484,2.5728323579775236,0.02074566867851925,0.3546265729343856,0.27389471568922896,0.21642231910071127
servo_only,servo_only_trial09.csv,1920,4.772444665506093,0,0.002486943546381497,0.002486943546381497,3.160392472812384e-16,0.002486943546379905,0.0024869435463825695,402.1,0.0,6.401602772182491e-11,1.2707938133178597e-11,0,True,-0.4201041552611945,2.408720033939591,0.31964029193024623,1.8776331936429014,-0.012394531246451382,0.18629948188732406,1.709405136299812,3.059762426843475,4.34360046089606,4.849614002465116,0.5486902479141311,3.2473015704251025
servo_only,servo_only_trial10.csv,2006,4.986321810494902,0,0.002486943546381497,0.002486943546381497,3.218030222062107e-16,0.002486943546379905,0.0024869435463825695,402.1,0.0,6.401602772182491e-11,1.2939699522911734e-11,0,True,0.011208083619215934,1.9992846296364735,0.0031954660815194528,1.6054319492244105,-0.001336164284419327,0.1830489238781263,1.1429808238958472,2.570614261693901,0.005626566579557677,0.0009924955132366595,0.02288506611889717,0.009834709403897168
servo_only,servo_only_trial11.csv,1910,4.747575230042278,0,0.002486943546381497,0.002486943546381497,3.1582053480121383e-16,0.002486943546379905,0.0024869435463825695,402.1,0.0,6.401602772182491e-11,1.269914370435681e-11,0,True,0.1544065187768077,2.0074219364582313,0.08369352436722892,1.6001659656444096,0.007941907006854437,0.18250039811927124,1.0521890476227775,2.5736317420901758,1.4783896896920674,0.8358438783782742,0.26326689368470213,0.8591668205850146
servo_only,servo_only_trial12.csv,1881,4.675453867197215,0,0.002486943546381497,0.002486943546381497,3.150943325252999e-16,0.002486943546379905,0.0024869435463825695,402.1,0.0,6.401602772182491e-11,1.2669943110842311e-11,0,True,0.004550659707089965,1.999364384606842,0.003597934096941138,1.6002494731752146,0.0015651087710778276,0.18128776568890512,1.4178251298910332,2.567317972675049,0.0028568432734241544,0.028880727329624427,0.08665760614310294,0.03946505891538384
servo_only,servo_only_trial13.csv,1831,4.551106689878139,0,0.002486943546381497,0.002486943546381497,3.097755764919334e-16,0.002486943546379905,0.0024869435463825695,402.1,0.0,6.401602772182491e-11,1.2456075930740644e-11,0,True,-0.0042079663406334265,1.998730990261912,0.028038082013151486,1.5963026282157071,0.0005238120254870962,0.18105260123683586,1.5586552140832237,2.5643493710289094,0.030049484749533596,0.17560367784014258,0.0038506696136539867,0.06983461073444339
servo_only,servo_only_trial14.csv,2148,5.339467794081074,0,0.002486943546381497,0.002486943546381497,3.302680900955178e-16,0.002486943546379905,0.0024869435463825695,402.1,0.0,6.401602772182491e-11,1.328007990274077e-11,0,True,0.2273353607163087,2.1376357624893045,-0.01851126556041513,1.607517479745315,0.00814299962141078,0.18238311993274148,1.8486257680041929,2.680832464589378,2.399826360426637,0.043583821962668766,0.29858134476281933,0.913997175717375
servo_only,servo_only_trial15.csv,2287,5.685152947028102,0,0.002486943546381497,0.0024869435463814966,3.3479155313967457e-16,0.002486943546379905,0.0024869435463825695,402.1000000000001,1.4136637369014676e-14,6.401602772182491e-11,1.346196940906923e-11,0,True,0.029486441373874128,2.0242287116626043,0.09409303207194814,1.6424486285852027,-0.000255140089863187,0.1822498706484631,1.603096463733156,2.6131120125268343,0.019979551963697138,0.23459698642004984,0.005174338457951482,0.08658362561389948
piston_only,piston_only_trial01.csv,2092,5.20019895548371,0,0.002486943546381497,0.002486943546381497,3.258475495880529e-16,0.002486943546379905,0.0024869435463825695,402.1,0.0,6.401602772182491e-11,1.3102329968935606e-11,0,True,-0.10169756629376368,0.4687338461727451,0.14773927767602835,0.5787553625639796,1.1594745250310092,4.966583470670594,3.0603460748803943,5.022113156768057,11.525922313964028,15.308119766278272,8.545837322200468,11.79329313414759
piston_only,piston_only_trial02.csv,2160,5.369311116637652,0,0.002486943546381497,0.002486943546381497,3.3138768977516776e-16,0.002486943546379905,0.0024869435463825695,402.1,0.0,6.401602772182491e-11,1.3325099005859496e-11,0,True,0.005533187789386155,0.340835436577315,0.013644109887909869,0.34434375015788393,0.0611649143249968,3.407950213305649,1.6108296723513673,3.4422181902763898,0.01921722806233308,0.22387401827495412,0.06934490973294327,0.10414538535674349
piston_only,piston_only_trial03.csv,1953,4.854513802536682,0,0.002486943546381497,0.002486943546381497,3.1816603277205537e-16,0.002486943546379905,0.0024869435463825695,402.1,0.0,6.401602772182491e-11,1.2793456177764346e-11,0,True,0.09611390556457494,0.4426030106559577,-0.18261167848299834,0.6451359961656832,2.0123470740945497,6.940779402300957,4.30785900017525,6.984734539694092,6.556566314536802,22.056651889134073,26.562237550752027,18.391818584807634
piston_only,piston_only_trial04.csv,1819,4.521263367321562,0,0.002486943546381497,0.002486943546381497,3.063869058184116e-16,0.002486943546379905,0.0024869435463825695,402.1,0.0,6.401602772182491e-11,1.2319817482958329e-11,0,True,-0.10380757138459305,0.472814324751314,0.14378438148684686,0.56492058540993,0.8936462200223267,4.452959375165335,2.6880438515325746,4.513483782000638,12.711948736390616,16.07785633192263,7.132287283527799,11.974030783947015
piston_only,piston_only_trial05.csv,1937,4.814722705794578,0,0.002486943546381497,0.002486943546381497,3.1791573274729895e-16,0.002486943546379905,0.0024869435463825695,402.1,0.0,6.401602772182491e-11,1.2783391613768891e-11,0,True,0.16078005398339879,0.5886254552621732,0.21774750301971763,0.7310489402361993,-1.800883497432727,6.355073729031273,3.933079565182962,6.424007672864853,21.073832384640102,31.102293498815776,18.746474809989973,23.640866897815286
piston_only,piston_only_trial06.csv,1822,4.528724197960706,0,0.002486943546381497,0.002486943546381497,3.0945188079559757e-16,0.002486943546379905,0.0024869435463825695,402.1,0.0,6.401602772182491e-11,1.244306012679098e-11,0,True,-0.03843435388933451,0.3573553782413073,-0.22430610538218831,0.75959082055451,0.34470864586853106,3.561709133769135,1.963777918246477,3.659296795096449,2.2255699361406496,35.62018222044171,1.1627101942425981,13.002820783608321
piston_only,piston_only_trial07.csv,2139,5.31708530216364,0,0.002486943546381497,0.002486943546381497,3.3009317194416765e-16,0.002486943546379905,0.0024869435463825695,402.1,0.0,6.401602772182491e-11,1.3273046443874982e-11,0,True,0.13767107413818824,0.5578272058854541,0.08892577759393533,0.44441097119602974,-2.699199410378077,9.329373212448319,5.322042349225218,9.356595365841875,13.74193223125128,5.329690539243174,30.03933183792926,16.370318202807905
piston_only,piston_only_trial08.csv,1811,4.501367818950509,0,0.002486943546381497,0.002486943546381497,3.049771740689347e-16,0.002486943546379905,0.0024869435463825695,402.1,0.0,6.401602772182491e-11,1.2263132169311866e-11,0,True,0.22242659729925368,0.7575777532676641,-0.011036803114821093,0.34272523468534516,1.9581543324734185,6.928187014430843,4.341166267325239,6.977905125871543,30.880841507142083,0.24725966152502848,22.13537913472416,17.754493434463757
piston_only,piston_only_trial09.csv,2297,5.710022382491917,0,0.002486943546381497,0.002486943546381497,3.3947542893506103e-16,0.002486943546379905,0.0024869435463825695,402.1,0.0,6.401602772182491e-11,1.3650306997478807e-11,0,True,0.0705429291611268,0.4221369792424055,0.15709465680836016,0.6583806566436949,-1.2999467821831716,5.806499931470422,3.327756320546382,5.858933876777625,6.268839572732397,13.16768322013105,11.215334877034609,10.21728588996602
piston_only,piston_only_trial10.csv,1815,4.511315593136035,0,0.002486943546381497,0.0024869435463814966,3.001429675013676e-16,0.002486943546379905,0.0024869435463825695,402.1000000000001,1.4136637369014676e-14,6.401602772182491e-11,1.206875204299229e-11,0,True,-0.05787232365688654,0.38325857262245766,-0.02973784079546047,0.35364640727554675,-2.2887244867489325,7.7383206481904585,4.590626935256943,7.755872573029956,4.754366279349596,1.7705103969910425,33.85954899584388,13.461475224061507
piston_only,piston_only_trial11.csv,2159,5.366824173091271,0,0.002486943546381497,0.0024869435463814975,3.2425894149220826e-16,0.002486943546379905,0.0024869435463825695,402.09999999999997,-1.4136637369014676e-14,6.401602772182491e-11,1.3038458684103666e-11,0,True,-0.06848419402408515,0.40534825877930675,0.1287078532008626,0.5397281632421831,-1.2476592919909453,5.323773271379284,3.125840468138719,5.366393159855573,3.794480240844301,9.24759401643219,11.817781226379513,8.286618494552002
piston_only,piston_only_trial12.csv,2211,5.496145237503108,0,0.002486943546381497,0.002486943546381497,3.343533083537071e-16,0.002486943546379905,0.0024869435463825695,402.1,0.0,6.401602772182491e-11,1.3444346528902562e-11,0,True,0.15513777591970546,0.6210511927693529,0.15201320799504073,0.6160807984024597,1.4973771272622756,6.080082984377442,3.479553335327825,6.142692343843745,14.608119749560672,13.927092453504722,16.66812945600857,15.067780553024654
piston_only,piston_only_trial13.csv,1997,4.963939318577468,0,0.002486943546381497,0.002486943546381497,3.215720282417284e-16,0.002486943546379905,0.0024869435463825695,402.1,0.0,6.401602772182491e-11,1.2930411255599899e-11,0,True,-0.0672017879307732,0.4006754532708915,0.09487058427014476,0.44600081441089756,0.18055210740360977,3.4513002181559385,1.70095036191332,3.502988829721306,4.9819138142160995,5.85831090496551,0.35107860633649524,3.730434441839368
piston_only,piston_only_trial14.csv,1960,4.871922407361352,0,0.002486943546381497,0.002486943546381497,3.210469558076474e-16,0.002486943546379905,0.0024869435463825695,402.1,0.0,6.401602772182491e-11,1.2909298093025503e-11,0,True,-0.17013796129288827,0.614146102474044,0.10820774152703982,0.4721847853913897,-0.8196353079023501,4.163680437555323,2.377139413427397,4.23513502651569,16.133312057607714,9.250270806629768,8.14005166774794,11.174544843995141
piston_only,piston_only_trial15.csv,1997,4.963939318577468,0,0.002486943546381497,0.002486943546381497,3.215720282417284e-16,0.002486943546379905,0.0024869435463825695,402.1,0.0,6.401602772182491e-11,1.2930411255599899e-11,0,True,0.045196893472276053,0.3631757796496355,-0.01119461991527933,0.34273941572387734,-2.0441771461781437,7.052535281485685,4.277498219255758,7.070192419631536,1.7481861425164285,0.27372195368754737,23.8787728146706,8.63356030362486
both_simultaneous,both_simultaneous_trial01.csv,1913,4.755036060681422,0,0.002486943546381497,0.002486943546381497,3.1603917307472343e-16,0.002486943546379905,0.0024869435463825695,402.1,0.0,6.401602772182491e-11,1.2707935149334631e-11,0,True,0.14250838818490213,2.0605125142075362,0.13239819621286114,1.700131079261677,1.4091163212991633,5.383555788559912,4.206397008739204,6.009894378141289,0.4336869212057354,0.626493888973392,14.248217521748591,5.102799443975907
both_simultaneous,both_simultaneous_trial02.csv,2062,5.125590649092265,0,0.002486943546381497,0.002486943546381497,3.2422020940716554e-16,0.002486943546379905,0.0024869435463825695,402.1,0.0,6.401602772182491e-11,1.3036894620262127e-11,0,True,-0.03092667569608531,2.0349570280516547,0.23440438910294575,1.719550580041099,-0.01985132007173376,3.409605442321832,2.488659230512208,4.327044438834337,0.2695668351293497,5.694668853220312,0.0029481048053828555,1.989061264385015
both_simultaneous,both_simultaneous_trial03.csv,2154,5.354389455359363,0,0.002486943546381497,0.002486943546381497,3.3027569932180967e-16,0.002486943546379905,0.0024869435463825695,402.1,0.0,6.401602772182491e-11,1.3280385869729967e-11,0,True,-0.08013939540937136,2.061068241997326,0.001470527411031371,1.6244015825375042,0.9098073657151359,4.579191020817718,3.446846431107681,5.277847402555127,0.12595306532997658,0.0016829927797243301,9.276413241736275,3.1346830999486586
both_simultaneous,both_simultaneous_trial04.csv,1960,4.871922407361352,0,0.002486943546381497,0.002486943546381497,3.210469558076474e-16,0.002486943546379905,0.0024869435463825695,402.1,0.0,6.401602772182491e-11,1.2909298093025503e-11,0,True,-0.010238534791066504,2.0312242253540655,0.08208023438687073,1.679067235718245,0.827775766172292,4.212906292586572,3.280279728092352,4.969277418885292,0.007276749991026722,0.26396874418727734,9.03963685729664,3.1036274504916483
both_simultaneous,both_simultaneous_trial05.csv,1832,4.553593633424521,0,0.002486943546381497,0.002486943546381497,3.097209267299403e-16,0.002486943546379905,0.0024869435463825695,402.1,0.0,6.401602772182491e-11,1.24538784638109e-11,0,True,-0.155551891237543,2.055119112327684,0.14016513804767156,1.6715248642378049,-2.2745084405801133,7.695959121563348,5.547206243282773,8.139121373858105,0.7459407570117966,1.0210587894878536,27.5426732190577,9.76989092185245
both_simultaneous,both_simultaneous_trial06.csv,2092,5.20019895548371,0,0.002486943546381497,0.002486943546381497,3.258475495880529e-16,0.002486943546379905,0.0024869435463825695,402.1,0.0,6.401602772182491e-11,1.3102329968935606e-11,0,True,-0.07047498618827697,2.0041107870943478,0.05051511831067808,1.6279254981529914,1.9846531143566795,7.106162386694428,4.8293058407248335,7.560697410990288,0.19873338240979727,0.14167796285709555,27.638674004877785,9.326361783381559
both_simultaneous,both_simultaneous_trial07.csv,1959,4.869435463814972,0,0.002486943546381497,0.0024869435463814975,3.1124696018985277e-16,0.002486943546379905,0.0024869435463825695,402.09999999999997,-1.4136637369014676e-14,6.401602772182491e-11,1.2515261750184326e-11,0,True,0.04588081995454357,2.0420545283367746,0.0227939551058515,1.6176104028436042,1.8123243430193978,6.421111855674756,4.932196878122199,6.929453627464108,0.09750777907862629,0.1250063551989441,20.417522315569915,6.880012149949162
both_simultaneous,both_simultaneous_trial08.csv,1857,4.615767222084059,0,0.002486943546381497,0.002486943546381497,3.131066829996226e-16,0.002486943546379905,0.0024869435463825695,402.1,0.0,6.401602772182491e-11,1.2590019723414826e-11,0,True,-0.08477930967779106,2.0649935701607225,0.1263388529472214,1.6679862765866271,1.533958889776002,5.682905020045928,4.596650440344429,6.272303096195978,0.2644806494293723,0.8117422943303685,16.34791418741131,5.80804571039035
both_simultaneous,both_simultaneous_trial09.csv,2029,5.043521512061676,0,0.002486943546381497,0.002486943546381497,3.235485668362377e-16,0.002486943546379905,0.0024869435463825695,402.1,0.0,6.401602772182491e-11,1.3009887872485118e-11,0,True,0.16759872658415675,2.063067720323133,-0.12355374550456164,1.6412320836824768,2.5057456311060258,8.379821052044198,5.80211206482058,8.784719234866369,0.6724109536787417,0.6474024226230845,30.09067092809931,10.47016143480038
both_simultaneous,both_simultaneous_trial10.csv,2068,5.140512310370554,0,0.002486943546381497,0.002486943546381497,3.242460014055592e-16,0.002486943546379905,0.0024869435463825695,402.1,0.0,6.401602772182491e-11,1.3037931716517536e-11,0,True,0.09759052204235143,2.014321079124649,-0.0997649598960211,1.6779087745712813,-0.6094786082038179,3.890570074320492,3.1821900350327494,4.6914179912673895,0.19734226823936238,0.4672132529860813,2.6084328123852902,1.090996111203578
both_simultaneous,both_simultaneous_trial11.csv,2051,5.098234270082068,0,0.002486943546381497,0.0024869435463814966,3.223215021601524e-16,0.002486943546379905,0.0024869435463825695,402.1000000000001,1.4136637369014676e-14,6.401602772182491e-11,1.2960549581916e-11,0,True,-0.09733735573470875,2.048277395227352,-0.012089515228364885,1.6353170437565174,0.10342791219181535,3.414547800652138,2.6131263760865147,4.304513770954654,0.579413309840143,0.013567228373678013,0.10897765266616828,0.2339860636266631
both_simultaneous,both_simultaneous_trial12.csv,1785,4.436707286744591,0,0.002486943546381497,0.002486943546381497,3.023824899420884e-16,0.002486943546379905,0.0024869435463825695,402.1,0.0,6.401602772182491e-11,1.2158799920571375e-11,0,True,0.3078127196651197,2.1672297460650136,0.19896685526768013,1.7932662034477576,1.8230480312055195,6.554985169544003,4.87113632132613,7.133058181565517,5.33809679518734,3.2032644277775955,26.30952279644976,11.616961339804897
both_simultaneous,both_simultaneous_trial13.csv,1989,4.944043770206416,0,0.002486943546381497,0.002486943546381497,3.216455718611694e-16,0.002486943546379905,0.0024869435463825695,402.1,0.0,6.401602772182491e-11,1.2933368444537623e-11,0,True,0.20507522093458214,2.1256351801115394,-0.1527708387273686,1.6903395874700473,0.26896844752411214,3.5013125072179836,2.8152984335027806,4.431112965508475,1.1387554343664212,0.7100535984254804,0.4195557918360774,0.7561216082093264
both_simultaneous,both_simultaneous_trial14.csv,1996,4.961452375031087,0,0.002486943546381497,0.002486943546381497,3.2162614127635113e-16,0.002486943546379905,0.0024869435463825695,402.1,0.0,6.401602772182491e-11,1.2932587140722079e-11,0,True,0.21537855469497866,2.1036796356193377,0.1469503227804046,1.706850941944444,0.5019985976869361,3.7312741697797582,3.0007642692120564,4.610988514125986,1.303221876240153,0.5743036959801889,2.8224196006601194,1.5666483909601538
both_simultaneous,both_simultaneous_trial15.csv,2026,5.036060681422532,0,0.002486943546381497,0.002486943546381497,3.233582464106039e-16,0.002486943546379905,0.0024869435463825695,402.1,0.0,6.401602772182491e-11,1.3002235088170385e-11,0,True,-0.12593733566723264,2.0283780211316507,-0.13757693153727008,1.6241403381641617,1.842254399777667,6.5745099074921205,4.717291288237015,7.069393874892953,0.6861839882574122,1.231853485075097,19.145000571106,7.021012681479502
both_alternating,both_alternating_trial01.csv,2229,5.540910221337976,0,0.002486943546381497,0.002486943546381497,3.3645361904610803e-16,0.002486943546379905,0.0024869435463825695,402.1,0.0,6.401602772182491e-11,1.3528800021844004e-11,0,True,0.15763789464865513,1.620602474662801,0.07405806224602846,1.302349322628144,0.427087010601095,2.8651912513743345,2.2548085008820116,3.540026418825883,0.7557368905226354,0.34106952154503145,5.833457895193913,2.3100881024205266
both_alternating,both_alternating_trial02.csv,2018,5.016165133051479,0,0.002486943546381497,0.002486943546381497,3.2343739586601753e-16,0.002486943546379905,0.0024869435463825695,402.1,0.0,6.401602772182491e-11,1.3005417687772566e-11,0,True,-0.2512917740043326,1.631680494261712,-0.10586104192162328,1.1916684167789868,-1.8186546034245967,6.054447229247086,3.917427312004936,6.3826942667372375,2.510326224661666,0.5947087455846558,42.2177161561574,15.107583708801242
both_alternating,both_alternating_trial03.csv,1989,4.944043770206416,0,0.002486943546381497,0.002486943546381497,3.216455718611694e-16,0.002486943546379905,0.0024869435463825695,402.1,0.0,6.401602772182491e-11,1.2933368444537623e-11,0,True,0.11596191204020266,1.1691438488311563,0.08607574782582748,1.0050721139749381,0.8593594072825964,3.686984095260329,2.4545216118986675,3.996363223263422,0.9850820549026926,0.7672694998982009,9.743455589680366,3.8319357148270865
both_alternating,both_alternating_trial04.csv,2034,5.055956229793583,0,0.002486943546381497,0.002486943546381497,3.236305704294189e-16,0.002486943546379905,0.0024869435463825695,402.1,0.0,6.401602772182491e-11,1.3013185236966935e-11,0,True,0.15519244504085614,1.3133032913223994,0.22845131559895349,1.3994174597244968,-0.452597156393171,2.7441655665594595,1.8474178472349227,3.3486683052029225,1.0052000453510983,2.7196334023186646,7.707336159658127,3.8107232024426296
both_alternating,both_alternating_trial05.csv,2087,5.187764237751803,0,0.002486943546381497,0.002486943546381497,3.257736660001245e-16,0.002486943546379905,0.0024869435463825695,402.1,0.0,6.401602772182491e-11,1.3099359109865006e-11,0,True,-0.02913398527681322,0.9113131562681863,-0.04439040383782597,0.7223962422045368,1.4788599852283169,5.138463901405905,3.0849755849153917,5.2684114556088275,0.10278390891478079,1.1568115839239272,32.44310013742596,11.234231876754889
both_alternating,both_alternating_trial06.csv,2029,5.043521512061676,0,0.002486943546381497,0.002486943546381497,3.235485668362377e-16,0.002486943546379905,0.0024869435463825695,402.1,0.0,6.401602772182491e-11,1.3009887872485118e-11,0,True,-0.11942138201720699,1.6077747260998616,-0.1433229983065465,1.2073039106830017,-0.7250799121635656,3.5565419070888113,2.444503825170802,4.085524769171627,0.5144431451792555,1.1528946097739754,7.165148083634171,2.9441619461958006
both_alternating,both_alternating_trial07.csv,1986,4.936582939567272,0,0.002486943546381497,0.002486943546381497,3.214473793637369e-16,0.002486943546379905,0.0024869435463825695,402.1,0.0,6.401602772182491e-11,1.292539912421586e-11,0,True,-0.16871709978543956,1.5061018915836637,0.1987764839434552,1.1411858448593555,-0.5321671502722632,2.933506148896464,1.9880837504011528,3.4894277992176046,1.395485327593732,4.0265288798675,3.3007478620699153,2.907587356510382
both_alternating,both_alternating_trial08.csv,1785,4.436707286744591,0,0.002486943546381497,0.002486943546381497,3.023824899420884e-16,0.002486943546379905,0.0024869435463825695,402.1,0.0,6.401602772182491e-11,1.2158799920571375e-11,0,True,-0.05434103250464033,1.730270804756002,-0.08806135002143414,1.4634130431741392,-1.2612146568477116,4.535972786905245,3.4232374829639647,5.070548680001811,0.6168308498462148,1.073826567291046,19.765196245309063,7.151951220815441
both_alternating,both_alternating_trial09.csv,1944,4.832131310619249,0,0.002486943546381497,0.002486943546381497,3.1790906485066867e-16,0.002486943546379905,0.0024869435463825695,402.1,0.0,6.401602772182491e-11,1.2783123497645387e-11,0,True,0.18062531708655197,1.4110825304901187,-0.061253825973008234,1.0809795192985379,1.8201210217609993,6.089556464375599,4.075203886691728,6.343687300128841,4.360934469852088,0.34646729198250936,24.58054856718045,9.762650109671682
both_alternating,both_alternating_trial10.csv,1889,4.695349415568266,0,0.002486943546381497,0.002486943546381497,3.1543068493697633e-16,0.002486943546379905,0.0024869435463825695,402.1,0.0,6.401602772182491e-11,1.2683467841315819e-11,0,True,0.07949977678033404,1.3287656908715961,0.223626011034841,1.276394303989428,-1.1660710121407514,4.364212428143589,2.8120468859732393,4.737209178245888,2.5008740917394374,13.830349269874286,15.909774525835301,10.746999295816343
both_alternating,both_alternating_trial11.csv,1898,4.7177319074857,0,0.002486943546381497,0.002486943546381497,3.1570897013673424e-16,0.002486943546379905,0.0024869435463825695,402.1,0.0,6.401602772182491e-11,1.2694657689198083e-11,0,True,0.05710803856645431,1.249475990750822,0.1467666029877048,1.1034559813939686,-1.677174207523296,5.670577638690061,3.693386320311398,5.9105207986055355,0.15344276863214693,2.72930426118295,24.635653142005467,9.172800057273522
both_alternating,both_alternating_trial12.csv,1923,4.779905496145237,0,0.002486943546381497,0.002486943546381497,3.16256256943517e-16,0.002486943546379905,0.0024869435463825695,402.1,0.0,6.401602772182491e-11,1.2716664091698817e-11,0,True,-0.2785771839648089,1.9188164460663026,-0.2998441482787082,1.6763712719267423,2.0203646495020116,6.743794085567389,4.56404242176662,7.209080098290593,2.780692679482483,3.885606005854303,33.911968004123594,13.526088896486792
both_alternating,both_alternating_trial13.csv,1870,4.648097488187018,0,0.002486943546381497,0.002486943546381497,3.135775607602356e-16,0.002486943546379905,0.0024869435463825695,402.1,0.0,6.401602772182491e-11,1.2608953718169073e-11,0,True,0.005982428606206476,1.468453375614717,-0.14188205367276033,1.2545094772789622,-0.24456357284709626,2.4682787570834566,1.7388951986938377,3.1340946647487287,0.004115799473124797,2.1646081183185535,1.5576649664213642,1.2421296280710141
both_alternating,both_alternating_trial14.csv,2135,5.3071375279781146,0,0.002486943546381497,0.002486943546381497,3.2997852282028286e-16,0.002486943546379905,0.0024869435463825695,402.1,0.0,6.401602772182491e-11,1.3268436402603572e-11,0,True,0.1532322007590934,1.4300838320236102,0.14937513694380236,1.1313525646144273,1.2097773260832725,4.648654952786314,2.933666305641946,4.993504907591431,1.5662937718871974,1.676247160787889,25.377409993843525,9.53998364217287
both_alternating,both_alternating_trial15.csv,1864,4.633175826908729,0,0.002486943546381497,0.002486943546381497,3.135131080045767e-16,0.002486943546379905,0.0024869435463825695,402.1,0.0,6.401602772182491e-11,1.2606362072864027e-11,0,True,0.2418630072197933,1.32570206651047,0.08160763442058125,0.9970492680503504,1.1507258048639235,4.390000428491554,2.9434943350049054,4.692941185890347,5.834705292813295,0.8647449809486195,17.132526742755235,7.94399233883905
