Frequency_Hz,Amplitude_m_s2
0.0,2.1227973702201845e-17
0.19220841300191066,0.357966441590779
0.3844168260038213,0.3338550432976887
0.576625239005732,0.21307377586839474
0.7688336520076426,0.14585795937959245
0.9610420650095532,0.11353551063379375
1.153250478011464,0.10367064691584986
1.3454588910133747,0.1013034170367472
1.5376673040152853,0.0666735953443255
1.729875717017196,0.06728968580589816
1.9220841300191065,0.06349954208756303
2.1142925430210173,0.04172824066558734
2.306500956022928,0.048244452885854966
2.4987093690248385,0.052042992875313374
2.6909177820267494,0.05309566464691536
2.8831261950286597,0.03504495288500934
3.0753346080305706,0.04644337015649682
3.2675430210324814,0.03496380606303455
3.459751434034392,0.03302810353223254
3.6519598470363026,0.031445486769504705
3.844168260038213,0.029130539365239
4.036376673040124,0.04534691597789421
4.228585086042035,0.0175982433105326
4.4207934990439455,0.025249700113136164
4.613001912045856,0.03031591048903535
4.805210325047766,0.03541319626249008
4.997418738049677,0.027476657240390057
5.189627151051588,0.02391457637770585
5.381835564053499,0.04349208325934602
5.5740439770554095,0.009001883121079617
5.7662523900573195,0.020373673628838938
5.95846080305923,0.03352204367865672
6.150669216061141,0.03010028303691479
6.342877629063052,0.021480099170509373
6.535086042064963,0.01922567102563178
6.727294455066873,0.02710731747364213
6.919502868068784,0.013868123060717717
7.111711281070694,0.0243088174998999
7.303919694072605,0.019324505400311134
7.496128107074516,0.03583369461694881
7.688336520076426,0.026721991626661532
7.880544933078337,0.01349087450765896
8.072753346080248,0.03213527586812563
8.264961759082158,0.0167423590422143
8.45717017208407,0.018538737444546354
8.64937858508598,0.017965851784830206
8.841586998087891,0.040524614297714125
9.033795411089802,0.013660474327471507
9.226003824091713,0.015339102445088524
9.418212237093622,0.04217220915385837
9.610420650095532,0.025333770102862568
9.802629063097443,0.02540569469926893
9.994837476099354,0.021006983734593882
10.187045889101265,0.025051147608751132
10.379254302103176,0.009742654241427133
10.571462715105087,0.026578645707111014
10.763671128106997,0.03854028983858231
10.955879541108908,0.04237458153032028
11.148087954110819,0.03983683678957912
11.340296367112728,0.010109476409274204
11.532504780114639,0.026952099539466003
11.72471319311655,0.017684676933139104
11.91692160611846,0.013286853737025758
12.109130019120371,0.04051758296536591
12.301338432122282,0.049234123817248704
12.493546845124193,0.036801880796722905
12.685755258126104,0.02730462342990858
12.877963671128015,0.04909940942430383
13.070172084129926,0.020284969230419166
13.262380497131836,0.01956828596173539
13.454588910133745,0.06692511207726516
13.646797323135656,0.02690249863249037
13.839005736137567,0.025185640676489613
14.031214149139478,0.05126829616557387
14.223422562141389,0.046944594208865056
14.4156309751433,0.06548422237200295
14.60783938814521,0.05081634655065152
14.800047801147121,0.06159613025178795
14.992256214149032,0.04300414968033485
15.184464627150943,0.062327414512221756
15.376673040152852,0.03514392978944259
15.568881453154763,0.06228061180670045
15.761089866156674,0.10311528843323764
15.953298279158584,0.046825365685223025
16.145506692160495,0.050992182071531195
16.337715105162406,0.06814786554663337
16.529923518164317,0.09506050613641556
16.722131931166228,0.04412834126004178
16.91434034416814,0.1254819073420761
17.10654875717005,0.050676981427021615
17.29875717017196,0.043198954665864306
17.49096558317387,0.11290690396705894
17.683173996175782,0.05953374556769104
17.875382409177693,0.06526321982505352
18.067590822179604,0.052600416831889936
18.259799235181514,0.07848540345100326
18.452007648183425,0.03383843220472269
18.644216061185332,0.08850740183163261
18.836424474187243,0.09257266062886857
19.028632887189154,0.12987242710761215
19.220841300191065,0.03224794579561971
19.413049713192976,0.02383139709718362
19.605258126194887,0.05179791206547944
19.797466539196797,0.05082948716788102
19.98967495219871,0.07154267603189611
20.18188336520062,0.03540751797931936
20.37409177820253,0.11000646728416194
20.56630019120444,0.01911308879709504
20.75850860420635,0.036325576953297335
20.950717017208262,0.042218729111198706
21.142925430210173,0.0399485168956247
21.335133843212084,0.0522925456225654
21.527342256213995,0.005543106609168737
21.719550669215906,0.06337161820209956
21.911759082217817,0.020022137373812005
22.103967495219727,0.040854525852344094
22.296175908221638,0.037056991011843635
22.48838432122355,0.047226085283961605
22.680592734225456,0.03037448333959824
22.872801147227367,0.007176246749138349
23.065009560229278,0.02898556375087427
23.25721797323119,0.014661620979986942
23.4494263862331,0.03059670625936069
23.64163479923501,0.01824070875262976
23.83384321223692,0.05245953264935876
24.026051625238832,0.017421314846336515
24.218260038240743,0.007253790195692817
24.410468451242654,0.025608214176368303
24.602676864244565,0.002198044838476976
24.794885277246475,0.014768079048328255
24.987093690248386,0.005178501212123687
25.179302103250297,0.04138144064819467
25.371510516252208,0.01919742019028816
25.56371892925412,0.019900088470305163
25.75592734225603,0.02161883946995453
25.94813575525794,0.015235997790368421
26.14034416825985,0.003949477955667275
26.332552581261762,0.009489703246107472
26.524760994263673,0.02622743749328515
26.71696940726558,0.01564440760936711
26.90917782026749,0.02301636808786123
27.1013862332694,0.007017765815753832
27.293594646271313,0.021917322260857176
27.485803059273223,0.0014719421315923342
27.678011472275134,0.010641199879730199
27.870219885277045,0.026011658690061605
28.062428298278956,0.0025353988699504553
28.254636711280867,0.015379266045496876
28.446845124282778,0.006420848031537861
28.63905353728469,0.017392384821850595
28.8312619502866,0.00830236161766807
29.02347036328851,0.009556364079308842
29.21567877629042,0.024124679702477465
29.40788718929233,0.011998503360903155
29.600095602294243,0.008785470967229583
29.792304015296153,0.007729526396188745
29.984512428298064,0.012003225392999197
30.176720841299975,0.011576308551378596
30.368929254301886,0.007768928725436036
30.561137667303797,0.014247342423663165
30.753346080305704,0.01717231436137123
30.945554493307615,0.011078887861141305
31.137762906309526,0.004096539236971978
31.329971319311436,0.017602012140078515
31.522179732313347,0.007805802459717209
31.714388145315258,0.004106145422912676
31.90659655831717,0.01044016610535663
32.09880497131908,0.014507068523731915
32.29101338432099,0.010233171909233674
32.483221797322905,0.006392292182990497
32.67543021032481,0.015658304484127274
32.86763862332672,0.002898569853918234
33.059847036328634,0.00251303316250683
33.25205544933054,0.013866714300262187
33.444263862332456,0.013313929756658278
33.63647227533436,0.004836115779180459
33.82868068833628,0.007819531948956425
34.020889101338184,0.008507291687896204
34.2130975143401,0.004911397766342737
34.405305927342006,0.006381020169533052
34.59751434034392,0.01049827045682085
34.78972275334583,0.018035817754541814
34.98193116634774,0.003507328123148543
35.17413957934965,0.004607445663363209
35.366347992351564,0.0054674948913304615
35.55855640535347,0.0037175202507148193
35.750764818355385,0.00872792082280826
35.94297323135729,0.003708076903071838
36.13518164435921,0.01629776223498762
36.327390057361114,0.0059253098498474755
36.51959847036303,0.006670746869912147
36.711806883364936,0.008836336390513493
36.90401529636685,0.005483909324070933
37.09622370936876,0.007200192193991381
37.288432122370665,0.004342933944530944
37.48064053537258,0.009105057266197548
37.67284894837449,0.00441520392372844
37.8650573613764,0.008961594916810634
38.05726577437831,0.008020551553308108
38.24947418738022,0.011666171867453308
38.44168260038213,0.0041322294538425515
38.633891013384044,0.004166245735138275
38.82609942638595,0.008497250155478996
39.018307839387866,0.0040809735944866915
39.21051625238977,0.0068982510429806765
39.40272466539169,0.002985249828280593
39.594933078393595,0.012208735818924897
39.78714149139551,0.00034239039205936585
39.97934990439742,0.0012214884809999206
40.17155831739933,0.01085247291180884
40.36376673040124,0.008272435563613255
40.55597514340315,0.002780415737907524
40.74818355640506,0.003241381737433481
40.940391969406974,0.008440875431359964
41.13260038240888,0.0017702668431487988
41.32480879541079,0.006958929514957333
41.5170172084127,0.008194056908398068
41.70922562141461,0.010210697682963558
41.901434034416525,0.0024781560709117136
42.09364244741843,0.00467725819140197
42.28585086042035,0.007323012503509603
42.478059273422254,0.001881041823850344
42.67026768642417,0.008303101625749596
42.862476099426075,0.004191725490695051
43.05468451242799,0.007802149216317117
43.2468929254299,0.002001361674563882
43.43910133843181,0.003359528386063623
43.63130975143372,0.010097579671579258
43.82351816443563,0.005311738039329359
44.01572657743754,0.005494017032408946
44.207934990439455,0.006652617219896535
44.40014340344136,0.004133775758345564
44.592351816443276,0.0021673501988338103
44.784560229445184,0.003027015691658894
44.9767686424471,0.008378634680814524
45.168977055449005,0.007661139923526289
45.36118546845091,0.0029072077859233192
45.55339388145283,0.005937266043227118
45.745602294454734,0.004899327011898083
45.93781070745665,0.006746216711426474
46.130019120458556,0.0034603115015925828
46.32222753346047,0.005137354001506122
46.51443594646238,0.006529478478932897
46.70664435946429,0.004062116062854956
46.8988527724662,0.0010101510989067475
47.091061185468114,0.006251204646895276
47.28326959847002,0.007384331838861924
47.475478011471935,0.0027058010536441302
47.66768642447384,0.006968103327197156
47.85989483747576,0.0051055537370476994
48.052103250477664,0.0028280558633163593
48.24431166347958,0.003703246436921445
48.436520076481486,0.003556877673293471
48.6287284894834,0.0055048562050492
48.82093690248531,0.0009783743439511325
49.01314531548722,0.008718636185246051
49.20535372848913,0.0068916109436738746
49.397562141491036,0.0029346967539806705
49.58977055449295,0.004848358831179651
49.78197896749486,0.0014544610596471273
49.97418738049677,0.0025930243552464514
50.16639579349868,0.003152488425275962
50.358604206500594,0.004695605247954542
50.5508126195025,0.008135782416019675
50.743021032504416,0.005877739692481289
50.93522944550632,0.0026240844847980004
51.12743785850824,0.005011590008615125
51.319646271510145,0.003177888809473738
51.51185468451206,0.004109589155188036
51.704063097513966,0.0028654880238188065
51.89627151051588,0.005322114434016001
52.08847992351779,0.005546939934891731
52.2806883365197,0.0036184369897541598
52.47289674952161,0.005296396298600982
52.665105162523524,0.004555897336600172
52.85731357552543,0.004336851291010196
53.049521988527346,0.005024170543257468
53.24173040152925,0.003424951020895138
53.43393881453116,0.004496969282024933
53.626147227533075,0.005526751461503039
53.81835564053498,0.002538771028342813
54.010564053536896,0.004871158116799578
54.2027724665388,0.003145000475872852
54.39498087954072,0.003622509735691024
54.587189292542625,0.006703633146679498
54.77939770554454,0.0062325393841972596
54.97160611854645,0.0038816323848305306
55.16381453154836,0.0013554277211720114
55.35602294455027,0.0022574156054170455
55.54823135755218,0.0016908153531990148
55.74043977055409,0.0025928345727133386
55.932648183556005,0.005940779629302847
56.12485659655791,0.007331405078396836
56.317065009559826,0.0020407263335223097
56.50927342256173,0.002929757857851299
56.70148183556365,0.0004708393283518093
56.893690248565555,0.0013806930133176132
57.08589866156747,0.0059325752246117604
57.27810707456938,0.0034545748738652304
57.470315487571284,0.006127866517936557
57.6625239005732,0.002255830837542088
57.854732313575106,0.002097665572236675
58.04694072657702,0.003068794482250036
58.23914913957893,0.004031015490217363
58.43135755258084,0.00638772735760347
58.62356596558275,0.004685882606931348
58.81577437858466,0.002065959387564532
59.00798279158657,0.0017346407033904273
59.200191204588485,0.001093612534085254
59.39239961759039,0.0031864978067734726
59.58460803059231,0.004984800474881396
59.776816443594214,0.0038439001431925025
59.96902485659613,0.0057878758198074785
60.161233269598036,0.002764276904078475
60.35344168259995,0.0033935054763712014
60.54565009560186,0.0036600690250213996
60.73785850860377,0.001278773736640467
60.93006692160568,0.004068703080487402
61.12227533460759,0.002260083273589241
61.3144837476095,0.003789318472105163
61.50669216061141,0.0037423681193367877
61.69890057361332,0.005594339487344443
61.89110898661523,0.004333311525114829
62.083317399617144,0.00254817958131235
62.27552581261905,0.0018533155060233841
62.467734225620966,0.002880915289137205
62.65994263862287,0.002483145493612001
62.85215105162479,0.0021125112482762005
63.044359464626694,0.006353751579826531
63.23656787762861,0.0025842134571007537
63.428776290630516,0.004256187778198975
63.62098470363243,0.0022038546091714415
63.81319311663434,0.001994358509982503
64.00540152963625,0.005623257779115393
64.19760994263817,0.002082542374490719
64.38981835564007,0.0042242936232400035
64.58202676864198,0.001974825821188857
64.77423518164389,0.003271320138172869
64.96644359464581,0.0034129079309856533
65.15865200764772,0.002698182250170668
65.35086042064962,0.005354754800454442
65.54306883365153,0.0037074312070746185
65.73527724665344,0.002137413655898284
65.92748565965536,0.0029084878075365983
66.11969407265727,0.0008262560212155319
66.31190248565917,0.0025139001406088244
66.50411089866108,0.004415476544988408
66.696319311663,0.0035134864757591076
66.88852772466491,0.0036727522847659847
67.08073613766682,0.003597413649369633
67.27294455066873,0.003877797810384871
67.46515296367065,0.0030033741294621156
67.65736137667255,0.0007213428090424159
67.84956978967446,0.0033322773382342087
68.04177820267637,0.004522884475786175
68.23398661567829,0.0013442829880187948
68.4261950286802,0.0028745930964245553
68.6184034416821,0.0032113673068923498
68.81061185468401,0.003943843496547337
69.00282026768593,0.0032172091441358816
69.19502868068784,0.0025954707894837313
69.38723709368975,0.005359899545552993
69.57944550669166,0.0027033144207906693
69.77165391969356,0.00024561407195410463
69.96386233269548,0.0023503892684642656
70.15607074569739,0.002448200448374945
70.3482791586993,0.0038652065823440817
70.5404875717012,0.004406866388285118
70.73269598470313,0.0029986204038501955
70.92490439770503,0.0032288413795868833
71.11711281070694,0.0020049926362846106
71.30932122370885,0.0012327257259097898
71.50152963671077,0.0038456950603972437
71.69373804971268,0.0023870010196107845
71.88594646271459,0.004731946264614257
72.07815487571649,0.0012511463459003217
72.27036328871841,0.002081124319373338
72.46257170172032,0.003349253766011461
72.65478011472223,0.001960832764708336
72.84698852772414,0.006100412037327132
73.03919694072606,0.0022811459098828137
73.23140535372796,0.0021922074896813305
73.42361376672987,0.0015186544317910163
73.61582217973178,0.0017493024473285758
73.8080305927337,0.0016612187034081081
74.00023900573561,0.0034176533555704933
74.19244741873752,0.00491719603054551
74.38465583173942,0.0041263539494017405
74.57686424474133,0.0017630564251142405
74.76907265774325,0.0009010652564822866
74.96128107074516,0.003614773365504653
75.15348948374707,0.0011036884209216031
75.34569789674897,0.0030225399162886355
75.5379063097509,0.0030334230385581874
75.7301147227528,0.0030791410896987784
75.92232313575471,0.003011360482007511
76.11453154875662,0.0027138885891212607
76.30673996175854,0.004222919006927642
76.49894837476045,0.0025212004664004442
76.69115678776235,0.001274398604275108
76.88336520076426,0.002132064824383054
77.07557361376618,0.0022030971343870655
77.26778202676809,0.002511215805400481
77.45999043977,0.004514907659307076
77.6521988527719,0.0034285432013113244
77.84440726577382,0.0022737139141517327
78.03661567877573,0.0008640599305070212
78.22882409177764,0.002424387465086266
78.42103250477955,0.004311506839716187
78.61324091778145,0.0021839261154454727
78.80544933078338,0.003910111981881323
78.99765774378528,0.0012614792273258338
79.18986615678719,0.0007471136823320935
79.3820745697891,0.0010558934694330185
79.57428298279102,0.001095953696104524
79.76649139579293,0.005342890262523028
79.95869980879483,0.0038076558696487875
80.15090822179674,0.0014623894752083637
80.34311663479866,0.0016957022499383538
80.53532504780057,0.0013743231212662965
80.72753346080248,0.00022352889032258827
80.91974187380438,0.002508246045331713
81.1119502868063,0.003861920857308131
81.30415869980821,0.004301172719088352
81.49636711281012,0.0021915138793132992
81.68857552581203,0.002148371568700362
81.88078393881395,0.002226062571943707
82.07299235181586,0.001488844774456785
82.26520076481776,0.0029859888178931306
82.45740917781967,0.0029807240877342284
82.64961759082158,0.0019918533979382627
82.8418260038235,0.0019260204476204547
83.0340344168254,0.0026757289587208645
83.22624282982731,0.002699395054955491
83.41845124282922,0.00269691898266653
83.61065965583114,0.0026386536807805534
83.80286806883305,0.004054704963722369
83.99507648183496,0.002667075815985852
84.18728489483686,0.0006752120861239907
84.37949330783879,0.002398179697125787
84.5717017208407,0.0020156295384204962
84.7639101338426,0.002240052226218777
84.95611854684451,0.0015850747372723778
85.14832695984643,0.0035517340354058974
85.34053537284834,0.004216672457069853
85.53274378585024,0.0017524653603900075
85.72495219885215,0.001861126846542299
85.91716061185407,0.0015661722757776613
86.10936902485598,0.0009306268957455921
86.30157743785789,0.0026395714034456413
86.4937858508598,0.0012397212544656808
86.6859942638617,0.003550889427529721
86.87820267686362,0.0035048274162570044
87.07041108986553,0.0003403931210411823
87.26261950286744,0.0034392620695348564
87.45482791586934,0.0012785344856375649
87.64703632887127,0.002574544918182998
87.83924474187317,0.001471721624716513
88.03145315487508,0.002093779347950456
88.22366156787699,0.0030032892275593413
88.41586998087891,0.0012089505580221073
88.60807839388082,0.003673827856044948
88.80028680688272,0.0028531873002922183
88.99249521988463,0.0007727129329008827
89.18470363288655,0.002535380944865835
89.37691204588846,0.0038604247607531726
89.56912045889037,0.0016062431139076197
89.76132887189227,0.00221001196209903
89.9535372848942,0.0022989662491728997
90.1457456978961,0.0021016244556832015
90.33795411089801,0.0017800221789602
90.53016252389992,0.0011824801637627083
90.72237093690183,0.00389383072332547
90.91457934990375,0.0027208572110910397
91.10678776290565,0.0015883273548246554
91.29899617590756,0.0006147990580193688
91.49120458890947,0.0013276881884481673
91.68341300191139,0.002018234703320867
91.8756214149133,0.00252885986345365
92.0678298279152,0.0033428556594697627
92.26003824091711,0.0037171216762146328
92.45224665391903,0.0013750089752781456
92.64445506692094,0.0011863903707053985
92.83666347992285,0.0028887439863491066
93.02887189292476,0.0013594134804140034
93.22108030592668,0.003900978511019499
93.41328871892858,0.0009054119849999523
93.60549713193049,0.0021345564529968927
93.7977055449324,0.0013311209777632066
93.98991395793432,0.0008899352346813988
94.18212237093623,0.004081418406131619
94.37433078393813,0.0022367838931596604
94.56653919694004,0.003224147422251573
94.75874760994195,0.0009090939608765358
94.95095602294387,0.0025310124136608348
95.14316443594578,0.00038231791570317346
95.33537284894769,0.0008561684793354863
95.52758126194959,0.0033806834278583917
95.71978967495151,0.0031158933728465924
95.91199808795342,0.001035825118226026
96.10420650095533,0.000926833841299792
96.29641491395724,0.003976957339057374
96.48862332695916,0.001518093794821851
96.68083173996106,0.0029963271336798667
96.87304015296297,0.0020618652636300713
97.06524856596488,0.0022563898049985493
97.2574569789668,0.0009580342753457893
97.44966539196871,0.0006617526165406716
97.64187380497061,0.003297214137715829
97.83408221797252,0.0026555511121324504
98.02629063097444,0.0032363636792282742
98.21849904397635,0.002029524805386661
98.41070745697826,0.001997240527052013
98.60291586998017,0.000836715709279483
98.79512428298207,0.002501794170037676
98.987332695984,0.0018821729190960322
99.1795411089859,0.0020607329953300853
99.37174952198781,0.0017642436990936118
99.56395793498972,0.0023946436470599812
99.75616634799164,0.0037638548469343808
99.94837476099354,0.0008615117391904591
100.14058317399545,0.0032221101334354648
100.33279158699736,0.0013009683772400586
100.52499999999928,0.0002976275327113013
100.71720841300119,0.0016522744223518308
100.9094168260031,0.0009729817019026703
101.101625239005,0.004087716161024695
101.29383365200692,0.0022312873463609193
101.48604206500883,0.0020817263631220497
101.67825047801074,0.0017372245138872677
101.87045889101265,0.001769482966627768
102.06266730401457,0.0021875239043582487
102.25487571701647,0.0013668468568061162
102.44708413001838,0.0028984192207682576
102.63929254302029,0.002962289652612809
102.8315009560222,0.0006551848210312317
103.02370936902412,0.0009415890390056773
103.21591778202603,0.0026774221046023026
103.40812619502793,0.0021108846639345423
103.60033460802984,0.0028804050035933755
103.79254302103176,0.002780728024793395
103.98475143403367,0.0014727329981728044
104.17695984703558,0.0016347739474440945
104.36916826003748,0.0015889076344469955
104.5613766730394,0.0020399785335014154
104.75358508604131,0.000936563447655556
104.94579349904322,0.0025600761139893775
105.13800191204513,0.0035737416209578247
105.33021032504705,0.001994067683947341
105.52241873804896,0.0017882535143507207
105.71462715105086,0.0019473098258619538
105.90683556405277,0.0009817250228410825
106.09904397705469,0.0011128497527790335
106.2912523900566,0.0016010148561144688
106.4834608030585,0.002477236960659841
106.67566921606041,0.0031508544551815997
106.86787762906232,0.0016753035974235505
107.06008604206424,0.0015023823570984778
107.25229445506615,0.0021436576351454377
107.44450286806806,0.0013922304751948483
107.63671128106996,0.0034757896821661985
107.82891969407189,0.00040807477780905303
108.02112810707379,0.0025375284867993064
108.2133365200757,0.001715163077934382
108.4055449330776,0.00044238780622321924
108.59775334607953,0.0027607076668197637
108.78996175908144,0.0005034517295042504
108.98217017208334,0.003739435662410708
109.17437858508525,0.0017137954225964196
109.36658699808717,0.0018912018667071378
109.55879541108908,0.0008487753832999014
109.75100382409099,0.0011654697285074457
109.9432122370929,0.0018230094841537826
110.13542065009482,0.0015696178692823917
110.32762906309672,0.0022787794607167433
110.51983747609863,0.002619282518700455
110.71204588910054,0.003310504734379991
110.90425430210244,0.0002377995635261304
111.09646271510437,0.002457273551826526
111.28867112810627,0.0005349457276372357
111.48087954110818,0.001490638606365303
111.67308795411009,0.0006640925747213633
111.86529636711201,0.0015902170067448149
112.05750478011392,0.003746734587655865
112.24971319311582,0.0016639418465485205
112.44192160611773,0.002474331882873408
112.63413001911965,0.0007196382971499594
112.82633843212156,0.0003767314790839923
113.01854684512347,0.0011522672477764402
113.21075525812537,0.002755211773245128
113.4029636711273,0.0022158481918856175
113.5951720841292,0.0021241190140641863
113.78738049713111,0.0018034715250271557
113.97958891013302,0.00123235095154707
114.17179732313494,0.002022885664610043
114.36400573613685,0.0010640090017233264
114.55621414913875,0.0039774539401272605
114.74842256214066,0.0014747359580284214
114.94063097514257,0.000914343406388678
115.13283938814449,0.0010907111933518585
115.3250478011464,0.00033423349647489155
115.5172562141483,0.0029741895047491777
115.70946462715021,0.0005114983058983941
115.90167304015213,0.0034051569002352174
116.09388145315404,0.002008123757591651
116.28608986615595,0.0008847776729618788
116.47829827915785,0.001322909441259154
116.67050669215978,0.001788202928870986
116.86271510516168,0.0021188728172080364
117.05492351816359,0.0014744408124704091
117.2471319311655,0.0016719074505125008
117.43934034416742,0.0014843589621893485
117.63154875716933,0.00216956592119275
117.82375717017123,0.0018562094304259147
118.01596558317314,0.0027597565758412383
118.20817399617506,0.001331692419567982
118.40038240917697,0.0016400768721916818
118.59259082217888,0.0014182125045113006
118.78479923518078,0.0013498367831654562
118.97700764818269,0.0022476865336305196
119.16921606118461,0.001575849396289108
119.36142447418652,0.0028302706874418116
119.55363288718843,0.0019480320264795904
119.74584130019034,0.0003709473430061014
119.93804971319226,0.0015125577218736278
120.13025812619416,0.0031584381004967216
120.32246653919607,0.0009962034312353625
120.51467495219798,0.0006035066587634915
120.7068833651999,0.0015623741856277127
120.89909177820181,0.001817319843804789
121.09130019120371,0.002065729419311474
121.28350860420562,0.0007726035464721105
121.47571701720754,0.0034390288281669766
121.66792543020945,0.0009914969860265119
121.86013384321136,0.00048421983082075506
122.05234225621327,0.0020048775071285973
122.24455066921519,0.00028761011248509
122.4367590822171,0.0020525637340189614
122.628967495219,0.000991754989656773
122.82117590822091,0.0027967750040146892
123.01338432122282,0.0017054012734086161
123.20559273422474,0.001055473946365076
123.39780114722664,0.0027350138036204507
123.59000956022855,0.002094948739774115
123.78221797323046,0.0012965277914512964
123.97442638623238,0.0013264160871024246
124.16663479923429,0.0022929190242530688
124.3588432122362,0.0009810758825379712
124.5510516252381,0.0005742836863801503
124.74326003824002,0.002264913968018252
124.93546845124193,0.0030103472409410957
125.12767686424384,0.0014035971547800266
125.31988527724575,0.0013396497256555541
125.51209369024767,0.0034829915471504256
125.70430210324957,0.0007652078950471166
125.89651051625148,0.0007143168415151232
126.08871892925339,0.0008975780378379813
126.28092734225531,0.002501771978601299
126.47313575525722,0.0027862283131252982
126.66534416825913,0.0007270530144969815
126.85755258126103,0.002358081884661444
127.04976099426295,0.0019383710176426934
127.24196940726486,0.0008031171528960295
127.43417782026677,0.0009742457899171232
127.62638623326868,0.002572049778524061
127.81859464627058,0.00200148083141974
128.0108030592725,0.0014691746192264077
128.2030114722744,0.00107812322764006
128.39521988527633,0.001834425333635163
128.58742829827824,0.0006098727710869218
128.77963671128015,0.001432004163173724
128.97184512428205,0.003794950642403791
129.16405353728396,0.00020629144979503948
129.35626195028587,0.001129572179157234
129.54847036328778,0.0008575133070229393
129.74067877628968,0.0013461592962994667
129.93288718929162,0.001339677768091775
130.12509560229353,0.0004044746108766413
130.31730401529543,0.0036450216353245087
130.50951242829734,0.0018767239901334614
130.70172084129925,0.00013978779024116352
130.89392925430116,0.0009147877002179969
131.08613766730306,0.0023276524686980473
131.27834608030497,0.0014005487434124784
131.47055449330688,0.0009085995129105491
131.6627629063088,0.0020613213937960497
131.85497131931072,0.0019646048091893405
132.04717973231263,0.0014413987348658559
132.23938814531454,8.515998815577638e-05
132.43159655831644,0.0031897312033199103
132.62380497131835,0.0009344101636754105
132.81601338432026,0.0016738591160862116
133.00822179732216,0.0012110611185862765
133.2004302103241,0.0018657382720495721
133.392638623326,0.0018672249546919481
133.58484703632791,0.0012691857113890858
133.77705544932982,0.0027546471688511295
133.96926386233173,0.0006113218035440096
134.16147227533364,0.001087702161408724
134.35368068833554,0.0017128026535696127
134.54588910133745,0.0031852452351160097
134.7380975143394,0.0008944565220420643
134.9303059273413,0.0016451764954197132
135.1225143403432,0.0014275776469740782
135.3147227533451,0.00022480627682114525
135.50693116634702,6.834525567146422e-05
135.69913957934892,0.0015122246658115326
135.89134799235083,0.00422410553148846
136.08355640535274,0.0005144143018485696
136.27576481835465,0.0007360409419691764
136.46797323135658,0.0009972143392482247
136.6601816443585,0.0002507501326898013
136.8523900573604,0.000980394039991355
137.0445984703623,0.0006841368731673899
137.2368068833642,0.0037736767301827204
137.42901529636612,0.0013423492179343124
137.62122370936802,0.0005467224190777123
137.81343212236993,0.0013413060250631887
138.00564053537187,0.001608803481341933
138.19784894837377,0.0014254311431071958
138.39005736137568,0.0020145480474503363
138.5822657743776,0.0022117726300407356
138.7744741873795,0.000648320488453519
138.9666826003814,0.0009273641828798062
139.1588910133833,0.0011370324701837772
139.35109942638522,0.0026199537692538884
139.54330783938713,0.0006754605164110177
139.73551625238906,0.0022749134179878786
139.92772466539097,0.002373664210324677
140.11993307839288,0.001207680797955488
140.31214149139478,0.0005952097875503337
140.5043499043967,0.000823051111642268
140.6965583173986,0.0025924904433176675
140.8887667304005,0.0006174008328213013
141.0809751434024,0.0009240589668725605
141.27318355640435,0.0023807611900540375
141.46539196940626,0.0026156299667716393
141.65760038240816,0.0006128872054667908
141.84980879541007,0.001241080461697427
142.04201720841198,0.0018908573850548436
142.23422562141388,0.001264900930958452
142.4264340344158,0.0010433592751789436
142.6186424474177,0.0008810990685531317
142.81085086041963,0.002890033750725433
143.00305927342154,0.000989609068497397
143.19526768642345,0.0013217938592534877
143.38747609942536,0.002494401352578962
143.57968451242726,0.0007764341986742431
143.77189292542917,0.0017531837179071863
143.96410133843108,0.0010805900602511825
144.15630975143299,0.0019558415101040135
144.3485181644349,0.0006627507669978487
144.54072657743683,0.0006200333058287705
144.73293499043874,0.002925233665629075
144.92514340344064,0.0012429042286145279
145.11735181644255,0.000879390475843821
145.30956022944446,0.0021405589880285907
145.50176864244636,0.0022429777490166336
145.69397705544827,0.0008605071477586738
145.88618546845018,0.00044347940547077576
146.07839388145212,0.001934535015528784
146.27060229445402,0.0018093325153596
146.46281070745593,0.0005267087308032165
146.65501912045784,0.00207191025583727
146.84722753345974,0.002825574732730333
147.03943594646165,0.001682551071259329
147.23164435946356,0.0013552266820212185
147.42385277246547,0.00032207673200074693
147.6160611854674,0.0012008998724434778
147.8082695984693,0.0014015466079539205
148.00047801147122,0.001320635866810104
148.19268642447312,0.0025812639673424894
148.38489483747503,0.001854180268966421
148.57710325047694,0.0014236129071482498
148.76931166347885,0.0014366177472820317
148.96152007648075,0.001816817621227184
149.15372848948266,0.0014040442920487614
149.3459369024846,0.0022019440342701683
149.5381453154865,0.0011666217346834138
149.7303537284884,0.0010363418747947597
149.92256214149032,0.000562721103952801
150.11477055449222,0.0013106988564468443
150.30697896749413,0.0031641591141128664
150.49918738049604,0.0006235913631509519
150.69139579349795,0.0021721040987348946
150.88360420649988,0.0005769362499334688
151.0758126195018,0.0009750375711842873
151.2680210325037,0.000637817818517592
151.4602294455056,0.0008002485657232488
151.6524378585075,0.003337122325141542
151.84464627150942,0.0007844433933938849
152.03685468451133,0.0009648431079123421
152.22906309751323,0.0011440920517784357
152.42127151051514,0.00180211549412963
152.61347992351708,0.0013710354662570257
152.80568833651898,0.002098003660028196
152.9978967495209,0.0020849888573616308
153.1901051625228,0.0007785924917543489
153.3823135755247,0.0005845800552521393
153.5745219885266,0.0005335745547010373
153.76673040152852,0.0022678686449945605
153.95893881453043,0.0012388523086470137
154.15114722753236,0.00275667210697166
154.34335564053427,0.001417301392440743
154.53556405353618,0.0006769237553398582
154.72777246653808,0.001316727616108686
154.91998087954,0.0011386109696092004
155.1121892925419,0.001896306438326151
155.3043977055438,0.0003984210247770564
155.4966061185457,0.0018893770481726384
155.68881453154765,0.0018383449980496791
155.88102294454956,0.0021352558371092716
156.07323135755146,0.0008267087587533227
156.26543977055337,0.002192988664262005
156.45764818355528,0.0008178578980011159
156.64985659655719,0.0006777769938665899
156.8420650095591,0.0009516075057776001
157.034273422561,0.001108440556078337
157.2264818355629,0.002814089345808935
157.41869024856484,0.0003627407186818504
157.61089866156675,0.00215249052342337
157.80310707456866,0.0005412054130062369
157.99531548757056,0.0017050336188111897
158.18752390057247,0.0018592409347461915
158.37973231357438,0.0011093296145419985
158.5719407265763,0.0023322309570511022
158.7641491395782,0.0006324402560152179
158.95635755258013,0.0009783565290283156
159.14856596558204,0.0011496466023614745
159.34077437858394,0.0015844843944635373
159.53298279158585,0.002021662947914111
159.72519120458776,0.002613807388147029
159.91739961758967,0.0014472724388184034
160.10960803059157,0.0004563813249923037
160.30181644359348,0.0007343897285841736
160.4940248565954,0.0009811128201385497
160.68623326959732,0.0013106006882382653
160.87844168259923,0.0008459124701696581
161.07065009560114,0.00295846566713538
161.26285850860305,0.0016987863104315378
161.45506692160495,0.0010812190949562475
161.64727533460686,0.0015021774219236349
161.83948374760877,0.0008580965946229747
162.03169216061067,0.0010134257969960075
162.2239005736126,0.0012209332160094872
162.41610898661452,0.002078206419312792
162.60831739961642,0.0018319842263958873
162.80052581261833,0.0019884211154616977
162.99273422562024,0.0013194229902586988
163.18494263862215,0.0015070492689104901
163.37715105162405,0.0005720657945393756
163.56935946462596,0.001949674398963028
163.7615678776279,0.0023745383144769525
163.9537762906298,0.000692077802095333
164.1459847036317,0.0019102018482358928
164.33819311663362,0.0003221662485973595
164.53040152963553,0.0014688577317262294
164.72260994263743,0.0012990251250206018
164.91481835563934,0.0012380906378885912
165.10702676864125,0.0028978894218319937
165.29923518164316,0.0010904578182269454
165.4914435946451,0.0010645516221777095
165.683652007647,0.0006943667166123295
165.8758604206489,0.0008203612711198201
166.0680688336508,0.0018567901495400343
166.26027724665272,0.0006403378854857201
166.45248565965463,0.0023386346222069535
166.64469407265653,0.0020067480360940544
166.83690248565844,0.001593534674032822
167.02911089866038,0.0012475600692398944
167.22131931166228,0.0014840518453892299
167.4135277246642,0.0015677266292076623
167.6057361376661,0.0006783364534578909
167.797944550668,0.0008885740663643498
167.9901529636699,0.0016791125901558695
168.18236137667182,0.0021080582574376414
168.37456978967373,0.0012338256536734208
168.56677820267564,0.0024711495756490304
168.75898661567757,0.000554467248355189
168.95119502867948,0.00030749603715381966
169.1434034416814,0.0018845260644682704
169.3356118546833,0.0017384083956915708
169.5278202676852,0.0014104081199070716
169.7200286806871,0.0009646876768001065
169.91223709368901,0.0021092587541328154
170.10444550669092,0.0006998364840197763
170.29665391969286,0.000969012733860567
170.48886233269477,0.0021884086372726953
170.68107074569667,0.0025146926363273443
170.87327915869858,0.0004142936162561522
171.0654875717005,0.000231580163957528
171.2576959847024,0.0009017744208804542
171.4499043977043,0.0006886764317283216
171.6421128107062,0.002150802379289207
171.83432122370814,0.001145318656844113
172.02652963671005,0.0028897731073542097
172.21873804971196,0.0008611491461906378
172.41094646271387,0.0007166991847454549
172.60315487571577,0.0013328809783605324
172.79536328871768,0.0006736638761304721
172.9875717017196,0.0021996833399194763
173.1797801147215,0.0006719278962608934
173.3719885277234,0.0019442797012289611
173.56419694072534,0.0009809230472657188
173.75640535372725,0.0015360106824836737
173.94861376672915,0.0020112487348554076
174.14082217973106,0.002048867439369691
174.33303059273297,0.0012211957200994458
174.52523900573487,0.0011694685663138679
174.71744741873678,0.00105723183452583
174.9096558317387,0.0007165087350753853
175.10186424474063,0.0015731445066866265
175.29407265774253,0.001383486578338878
175.48628107074444,0.0028009698293363226
175.67848948374635,0.0005147087243854105
175.87069789674825,0.0006130104917420179
176.06290630975016,0.0018899162284064038
176.25511472275207,0.0020069972579474077
176.44732313575398,0.0010871420576547778
176.63953154875588,0.0009040625174042935
176.83173996175782,0.0020965941394033884
177.02394837475973,0.0009867803370477437
177.21615678776163,0.0010679799541440382
177.40836520076354,0.001676937432139131
177.60057361376545,0.0023465656749641797
177.79278202676736,0.0005372408711019117
177.98499043976926,0.0017491833198724567
178.17719885277117,0.0016568764877275522
178.3694072657731,0.00036211433094537285
178.561615678775,0.0019213901856673502
178.75382409177692,0.0005045304853808562
178.94603250477883,0.0020614547912853965
179.13824091778073,7.557945765198021e-05
179.33044933078264,0.0016927053262170242
179.52265774378455,0.002405701936505394
179.71486615678646,0.001261204521248999
179.9070745697884,0.0017084142877697593
180.0992829827903,0.0011127836484481606
180.2914913957922,0.0009824306085834467
180.4836998087941,0.0006301950092103795
180.67590822179602,0.0006470599522466095
180.86811663479793,0.0023975553216972405
181.06032504779984,0.0024074702108007203
181.25253346080174,0.001049133689603542
181.44474187380365,0.0016748721736875019
181.6369502868056,0.0012069372221084316
181.8291586998075,0.0013377711697308665
182.0213671128094,0.0007188285009294703
182.2135755258113,0.0013213728312992399
182.40578393881322,0.0023634839304399764
182.59799235181512,0.0015542034006286224
182.79020076481703,0.0009818775207342696
182.98240917781894,0.0017373790147365358
183.17461759082087,0.0017831435456113643
183.36682600382278,0.0012153002912476533
183.5590344168247,0.0017562309277947758
183.7512428298266,0.0015726702299264342
183.9434512428285,0.0016296150737479568
184.1356596558304,0.00043520041354544757
184.32786806883232,0.0013426989953009118
184.52007648183422,0.0016191281246141415
184.71228489483613,0.0006770827668167856
184.90449330783807,0.002505026566709049
185.09670172083997,0.0023072786942300197
185.28891013384188,0.0006364562768299167
185.4811185468438,0.0010487655353396727
185.6733269598457,0.00030196687556117416
185.8655353728476,0.0009707780753913677
186.0577437858495,0.0010733441221975
186.24995219885142,0.0019270458894614568
186.44216061185335,0.0027353523750351764
186.63436902485526,0.0010932029891318191
186.82657743785717,0.0005815523869345461
187.01878585085908,0.0008106254474618845
187.21099426386098,0.0008307922831402552
187.4032026768629,0.0020075264972946464
187.5954110898648,0.0008828233451240566
187.7876195028667,0.0019423819107411647
187.97982791586864,0.0017191952611687019
188.17203632887055,0.0005320501020337106
188.36424474187245,0.001421954199567974
188.55645315487436,0.0017591749211888768
188.74866156787627,0.00203371148145815
188.94086998087818,0.0015963131952181065
189.13307839388008,0.001004237187104284
189.325286806882,0.0014535158753643273
189.5174952198839,0.0013710292591424264
189.70970363288583,0.0010305102022323896
189.90191204588774,0.0019374449597098047
190.09412045888965,0.001016732766935232
190.28632887189156,0.0016468565398565544
190.47853728489346,0.001840577235781727
190.67074569789537,0.0018034897949709098
190.86295411089728,0.0015881932768950207
191.05516252389918,0.0001937690215194157
191.24737093690112,0.001441521311753403
191.43957934990303,4.981440829413789e-05
191.63178776290493,0.0006302718299806598
191.82399617590684,0.002054797900009773
192.01620458890875,0.002835420142080719
192.20841300191066,0.0010662134277652745
192.40062141491256,0.0009898333664119837
192.59282982791447,0.0003669921666671257
192.78503824091638,0.00025452677445247533
192.97724665391831,0.0016904726759042774
193.16945506692022,0.0011976098115161417
193.36166347992213,0.0027613897705857653
193.55387189292404,0.0005872373383629621
193.74608030592594,0.001149084552813723
193.93828871892785,0.0009460330771691817
194.13049713192976,0.0009804463887885168
194.32270554493167,0.0026226272988679193
194.5149139579336,0.0013052138720274224
194.7071223709355,0.0014161159933333523
194.89933078393742,0.00025277546193081815
195.09153919693932,0.0005292991825205421
195.28374760994123,0.001438304606359403
195.47595602294314,0.0018774437742448019
195.66816443594504,0.0020565909145659872
195.86037284894695,0.0020993308003042833
196.0525812619489,0.0011338825222457181
196.2447896749508,0.0008381089795616678
196.4369980879527,0.0008864551874825211
196.6292065009546,0.0006998193026437745
196.82141491395652,0.0022141696121111636
197.01362332695842,0.0012180371846861055
197.20583173996033,0.0013986201449379626
197.39804015296224,0.0017980245212291537
197.59024856596415,0.0018976648603665754
197.78245697896608,0.0015745475481006477
197.974665391968,0.0006724679552550843
198.1668738049699,0.0014434265535432764
198.3590822179718,0.0014895643462719964
198.5512906309737,0.0004804638213333782
198.74349904397562,0.0011675277209751227
198.93570745697752,0.002242079597681766
199.12791586997943,0.0014523857797355876
199.32012428298137,0.0016952167558992558
199.51233269598328,0.001257686443434485
199.70454110898518,0.0014579981246097898
199.8967495219871,0.0016729556336030822
200.088957934989,0.0006903634500597688
200.2811663479909,0.0016847009122277858
200.4733747609928,0.0008870736704348149
200.66558317399472,0.001707585308021877
200.85779158699665,0.002013134709367931
201.04999999999856,0.0004580262725960314
